prot_hit_num,prot_acc,prot_desc,pep_score,pep_expect,pep_res_before,pep_seq,pep_res_after,pep_var_mod,pep_var_mod_pos,pep_summed_mod_pos,pep_local_mod_pos,pep_scan_title
1,zz|Y-FGCZCont00180|,zz|FGCZCont0179_P00761|TRYP_PIG blastpHomologue_4.0e-171,52,0.0012,R,VATVSLPR,S,NA,NA,NA,NA,File: ~S:\p24073\Proteomics\EXPLORIS_1\pecnikjaruschka_20220124_20220124_Finland\20220124_020_S355909_ZH1656_SB1_8.raw~ ; SpectrumID: ~41176~; scans: ~23086~
1,zz|Y-FGCZCont00180|,zz|FGCZCont0179_P00761|TRYP_PIG blastpHomologue_4.0e-171,49.67,0.0027,R,VATVSLPR,S,NA,NA,NA,NA,File: ~S:\p24073\Proteomics\EXPLORIS_1\pecnikjaruschka_20220124_20220124_Finland\20220124_020_S355909_ZH1656_SB1_8.raw~ ; SpectrumID: ~39364~; scans: ~22253~
1,zz|Y-FGCZCont00180|,zz|FGCZCont0179_P00761|TRYP_PIG blastpHomologue_4.0e-171,35.57,0.009,R,VATVSLPR,S,NA,NA,NA,NA,File: ~S:\p24073\Proteomics\EXPLORIS_1\pecnikjaruschka_20220124_20220124_Finland\20220124_020_S355909_ZH1656_SB1_8.raw~ ; SpectrumID: ~39906~; scans: ~22809~
1,zz|Y-FGCZCont00180|,zz|FGCZCont0179_P00761|TRYP_PIG blastpHomologue_4.0e-171,41.29,0.0052,R,VATVSLPR,S,NA,NA,NA,NA,File: ~S:\p24073\Proteomics\EXPLORIS_1\pecnikjaruschka_20220124_20220124_Finland\20220124_020_S355909_ZH1656_SB1_8.raw~ ; SpectrumID: ~39633~; scans: ~22529~
1,zz|Y-FGCZCont00180|,zz|FGCZCont0179_P00761|TRYP_PIG blastpHomologue_4.0e-171,57.55,0.0013,R,VATVSLPR,S,NA,NA,NA,NA,File: ~S:\p24073\Proteomics\EXPLORIS_1\pecnikjaruschka_20220124_20220124_Finland\20220124_020_S355909_ZH1656_SB1_8.raw~ ; SpectrumID: ~41457~; scans: ~23374~
1,zz|Y-FGCZCont00180|,zz|FGCZCont0179_P00761|TRYP_PIG blastpHomologue_4.0e-171,35.52,0.0034,K,LSSPATLNSR,V,NA,NA,NA,NA,File: ~S:\p24073\Proteomics\EXPLORIS_1\pecnikjaruschka_20220124_20220124_Finland\20220124_020_S355909_ZH1656_SB1_8.raw~ ; SpectrumID: ~25878~; scans: ~15597~
1,zz|Y-FGCZCont00180|,zz|FGCZCont0179_P00761|TRYP_PIG blastpHomologue_4.0e-171,57.22,4.40E-05,K,LSSPATLNSR,V,NA,NA,NA,NA,File: ~S:\p24073\Proteomics\EXPLORIS_1\pecnikjaruschka_20220124_20220124_Finland\20220124_020_S355909_ZH1656_SB1_8.raw~ ; SpectrumID: ~25585~; scans: ~15296~
1,zz|Y-FGCZCont00180|,zz|FGCZCont0179_P00761|TRYP_PIG blastpHomologue_4.0e-171,87.83,4.40E-06,R,LGEHNIDVLEGNEQFINAAK,I,NA,NA,NA,NA,File: ~S:\p24073\Proteomics\EXPLORIS_1\pecnikjaruschka_20220124_20220124_Finland\20220124_020_S355909_ZH1656_SB1_8.raw~ ; SpectrumID: ~67690~; scans: ~36951~
1,zz|Y-FGCZCont00180|,zz|FGCZCont0179_P00761|TRYP_PIG blastpHomologue_4.0e-171,89.52,3.00E-06,R,LGEHNIDVLEGNEQFINAAK,I,NA,NA,NA,NA,File: ~S:\p24073\Proteomics\EXPLORIS_1\pecnikjaruschka_20220124_20220124_Finland\20220124_020_S355909_ZH1656_SB1_8.raw~ ; SpectrumID: ~67755~; scans: ~37018~
1,zz|Y-FGCZCont00180|,zz|FGCZCont0179_P00761|TRYP_PIG blastpHomologue_4.0e-171,43.56,8.20E-05,K,IITHPNFNGNTLDNDIMLIK,L,NA,NA,NA,NA,File: ~S:\p24073\Proteomics\EXPLORIS_1\pecnikjaruschka_20220124_20220124_Finland\20220124_020_S355909_ZH1656_SB1_8.raw~ ; SpectrumID: ~81828~; scans: ~44274~
1,zz|Y-FGCZCont00180|,zz|FGCZCont0179_P00761|TRYP_PIG blastpHomologue_4.0e-171,45.43,5.50E-05,K,IITHPNFNGNTLDNDIMLIK,L,NA,NA,NA,NA,File: ~S:\p24073\Proteomics\EXPLORIS_1\pecnikjaruschka_20220124_20220124_Finland\20220124_020_S355909_ZH1656_SB1_8.raw~ ; SpectrumID: ~83024~; scans: ~44475~
1,zz|Y-FGCZCont00180|,zz|FGCZCont0179_P00761|TRYP_PIG blastpHomologue_4.0e-171,64.11,1.20E-06,K,IITHPNFNGNTLDNDIMLIK,L,NA,NA,NA,NA,File: ~S:\p24073\Proteomics\EXPLORIS_1\pecnikjaruschka_20220124_20220124_Finland\20220124_020_S355909_ZH1656_SB1_8.raw~ ; SpectrumID: ~81750~; scans: ~44194~
1,zz|Y-FGCZCont00180|,zz|FGCZCont0179_P00761|TRYP_PIG blastpHomologue_4.0e-171,81.55,2.30E-08,K,IITHPNFNGNTLDNDIMLIK,L,NA,NA,NA,NA,File: ~S:\p24073\Proteomics\EXPLORIS_1\pecnikjaruschka_20220124_20220124_Finland\20220124_020_S355909_ZH1656_SB1_8.raw~ ; SpectrumID: ~81751~; scans: ~44195~
1,zz|Y-FGCZCont00180|,zz|FGCZCont0179_P00761|TRYP_PIG blastpHomologue_4.0e-171,68.58,4.00E-04,K,IITHPNFNGNTLDNDIMLIK,L,Deamidated (NQ),0.00000001000000000000.0,NA,NA,File: ~S:\p24073\Proteomics\EXPLORIS_1\pecnikjaruschka_20220124_20220124_Finland\20220124_020_S355909_ZH1656_SB1_8.raw~ ; SpectrumID: ~85058~; scans: ~45536~
1,zz|Y-FGCZCont00180|,zz|FGCZCont0179_P00761|TRYP_PIG blastpHomologue_4.0e-171,45.74,0.0092,K,IITHPNFNGNTLDNDIMLIK,L,Deamidated (NQ),0.00000001000000000000.0,NA,NA,File: ~S:\p24073\Proteomics\EXPLORIS_1\pecnikjaruschka_20220124_20220124_Finland\20220124_020_S355909_ZH1656_SB1_8.raw~ ; SpectrumID: ~83669~; scans: ~45137~
1,zz|Y-FGCZCont00180|,zz|FGCZCont0179_P00761|TRYP_PIG blastpHomologue_4.0e-171,56.23,5.30E-06,K,IITHPNFNGNTLDNDIMLIK,L,Oxidation (M),0.00000000000000002000.0,NA,NA,File: ~S:\p24073\Proteomics\EXPLORIS_1\pecnikjaruschka_20220124_20220124_Finland\20220124_020_S355909_ZH1656_SB1_8.raw~ ; SpectrumID: ~77009~; scans: ~41382~
1,zz|Y-FGCZCont00180|,zz|FGCZCont0179_P00761|TRYP_PIG blastpHomologue_4.0e-171,34.5,9.80E-04,K,IITHPNFNGNTLDNDIMLIK,L,Oxidation (M),0.00000000000000002000.0,NA,NA,File: ~S:\p24073\Proteomics\EXPLORIS_1\pecnikjaruschka_20220124_20220124_Finland\20220124_020_S355909_ZH1656_SB1_8.raw~ ; SpectrumID: ~77098~; scans: ~41473~
2,sp|C0HJN7|CO1A1_TAPTE,Collagen alpha-1(I) chain (Fragments) OS=Tapirus terrestris OX=9801 GN=COL1A1 PE=1 SV=1,42.04,0.0042,R,GFSGIDGAK,G,NA,NA,NA,NA,File: ~S:\p24073\Proteomics\EXPLORIS_1\pecnikjaruschka_20220124_20220124_Finland\20220124_020_S355909_ZH1656_SB1_8.raw~ ; SpectrumID: ~31239~; scans: ~18020~
2,sp|C0HJN7|CO1A1_TAPTE,Collagen alpha-1(I) chain (Fragments) OS=Tapirus terrestris OX=9801 GN=COL1A1 PE=1 SV=1,40.37,0.0052,R,GFSGIDGAK,G,NA,NA,NA,NA,File: ~S:\p24073\Proteomics\EXPLORIS_1\pecnikjaruschka_20220124_20220124_Finland\20220124_020_S355909_ZH1656_SB1_8.raw~ ; SpectrumID: ~27495~; scans: ~16230~
2,sp|C0HJN7|CO1A1_TAPTE,Collagen alpha-1(I) chain (Fragments) OS=Tapirus terrestris OX=9801 GN=COL1A1 PE=1 SV=1,44.29,0.0014,-,GPMGPSGPR,G,Oxidation (M),0.002000000.0,NA,NA,File: ~S:\p24073\Proteomics\EXPLORIS_1\pecnikjaruschka_20220124_20220124_Finland\20220124_020_S355909_ZH1656_SB1_8.raw~ ; SpectrumID: ~5534~; scans: ~4881~
2,sp|C0HJN7|CO1A1_TAPTE,Collagen alpha-1(I) chain (Fragments) OS=Tapirus terrestris OX=9801 GN=COL1A1 PE=1 SV=1,31.95,0.0038,-,GPMGPSGPR,G,Oxidation (M),0.002000000.0,NA,NA,File: ~S:\p24073\Proteomics\EXPLORIS_1\pecnikjaruschka_20220124_20220124_Finland\20220124_020_S355909_ZH1656_SB1_8.raw~ ; SpectrumID: ~5347~; scans: ~4669~
2,sp|C0HJN7|CO1A1_TAPTE,Collagen alpha-1(I) chain (Fragments) OS=Tapirus terrestris OX=9801 GN=COL1A1 PE=1 SV=1,22.3,0.0081,R,GFPGSDGVAGPK,G,NA,NA,NA,NA,File: ~S:\p24073\Proteomics\EXPLORIS_1\pecnikjaruschka_20220124_20220124_Finland\20220124_020_S355909_ZH1656_SB1_8.raw~ ; SpectrumID: ~29204~; scans: ~16958~
2,sp|C0HJN7|CO1A1_TAPTE,Collagen alpha-1(I) chain (Fragments) OS=Tapirus terrestris OX=9801 GN=COL1A1 PE=1 SV=1,34.78,5.50E-04,R,GFPGSDGVAGPK,G,NA,NA,NA,NA,File: ~S:\p24073\Proteomics\EXPLORIS_1\pecnikjaruschka_20220124_20220124_Finland\20220124_020_S355909_ZH1656_SB1_8.raw~ ; SpectrumID: ~33079~; scans: ~18882~
2,sp|C0HJN7|CO1A1_TAPTE,Collagen alpha-1(I) chain (Fragments) OS=Tapirus terrestris OX=9801 GN=COL1A1 PE=1 SV=1,24.06,0.0055,R,GFPGSDGVAGPK,G,NA,NA,NA,NA,File: ~S:\p24073\Proteomics\EXPLORIS_1\pecnikjaruschka_20220124_20220124_Finland\20220124_020_S355909_ZH1656_SB1_8.raw~ ; SpectrumID: ~27931~; scans: ~16677~
2,sp|C0HJN7|CO1A1_TAPTE,Collagen alpha-1(I) chain (Fragments) OS=Tapirus terrestris OX=9801 GN=COL1A1 PE=1 SV=1,26.53,0.0032,R,GFPGSDGVAGPK,G,NA,NA,NA,NA,File: ~S:\p24073\Proteomics\EXPLORIS_1\pecnikjaruschka_20220124_20220124_Finland\20220124_020_S355909_ZH1656_SB1_8.raw~ ; SpectrumID: ~31810~; scans: ~18606~
2,sp|C0HJN7|CO1A1_TAPTE,Collagen alpha-1(I) chain (Fragments) OS=Tapirus terrestris OX=9801 GN=COL1A1 PE=1 SV=1,27.01,0.0029,R,GFPGSDGVAGPK,G,NA,NA,NA,NA,File: ~S:\p24073\Proteomics\EXPLORIS_1\pecnikjaruschka_20220124_20220124_Finland\20220124_020_S355909_ZH1656_SB1_8.raw~ ; SpectrumID: ~31543~; scans: ~18332~
2,sp|C0HJN7|CO1A1_TAPTE,Collagen alpha-1(I) chain (Fragments) OS=Tapirus terrestris OX=9801 GN=COL1A1 PE=1 SV=1,27.03,0.0029,R,GFPGSDGVAGPK,G,NA,NA,NA,NA,File: ~S:\p24073\Proteomics\EXPLORIS_1\pecnikjaruschka_20220124_20220124_Finland\20220124_020_S355909_ZH1656_SB1_8.raw~ ; SpectrumID: ~31276~; scans: ~18058~
2,sp|C0HJN7|CO1A1_TAPTE,Collagen alpha-1(I) chain (Fragments) OS=Tapirus terrestris OX=9801 GN=COL1A1 PE=1 SV=1,42.13,0.0019,R,GVQGPPGPAGPR,G,NA,NA,NA,NA,File: ~S:\p24073\Proteomics\EXPLORIS_1\pecnikjaruschka_20220124_20220124_Finland\20220124_020_S355909_ZH1656_SB1_8.raw~ ; SpectrumID: ~19349~; scans: ~11974~
2,sp|C0HJN7|CO1A1_TAPTE,Collagen alpha-1(I) chain (Fragments) OS=Tapirus terrestris OX=9801 GN=COL1A1 PE=1 SV=1,34.6,0.0012,R,GQAGVMGFPGPK,G,NA,NA,NA,NA,File: ~S:\p24073\Proteomics\EXPLORIS_1\pecnikjaruschka_20220124_20220124_Finland\20220124_020_S355909_ZH1656_SB1_8.raw~ ; SpectrumID: ~51608~; scans: ~28659~
2,sp|C0HJN7|CO1A1_TAPTE,Collagen alpha-1(I) chain (Fragments) OS=Tapirus terrestris OX=9801 GN=COL1A1 PE=1 SV=1,70.81,1.90E-05,R,GVPGPPGAVGPAGK,D,NA,NA,NA,NA,File: ~S:\p24073\Proteomics\EXPLORIS_1\pecnikjaruschka_20220124_20220124_Finland\20220124_020_S355909_ZH1656_SB1_8.raw~ ; SpectrumID: ~31890~; scans: ~18688~
2,sp|C0HJN7|CO1A1_TAPTE,Collagen alpha-1(I) chain (Fragments) OS=Tapirus terrestris OX=9801 GN=COL1A1 PE=1 SV=1,47.05,0.0017,R,GQAGVMGFPGPK,G,Oxidation (M),0.000002000000.0,NA,NA,File: ~S:\p24073\Proteomics\EXPLORIS_1\pecnikjaruschka_20220124_20220124_Finland\20220124_020_S355909_ZH1656_SB1_8.raw~ ; SpectrumID: ~35682~; scans: ~20527~
2,sp|C0HJN7|CO1A1_TAPTE,Collagen alpha-1(I) chain (Fragments) OS=Tapirus terrestris OX=9801 GN=COL1A1 PE=1 SV=1,55.39,7.20E-04,R,GQAGVMGFPGPK,G,Deamidated (NQ); Oxidation (M),0.010002000000.0,NA,NA,File: ~S:\p24073\Proteomics\EXPLORIS_1\pecnikjaruschka_20220124_20220124_Finland\20220124_020_S355909_ZH1656_SB1_8.raw~ ; SpectrumID: ~37750~; scans: ~21622~
2,sp|C0HJN7|CO1A1_TAPTE,Collagen alpha-1(I) chain (Fragments) OS=Tapirus terrestris OX=9801 GN=COL1A1 PE=1 SV=1,46.56,2.90E-04,R,GFPGIPGPSGEPGK,Q,NA,NA,NA,NA,File: ~S:\p24073\Proteomics\EXPLORIS_1\pecnikjaruschka_20220124_20220124_Finland\20220124_020_S355909_ZH1656_SB1_8.raw~ ; SpectrumID: ~57755~; scans: ~31888~
2,sp|C0HJN7|CO1A1_TAPTE,Collagen alpha-1(I) chain (Fragments) OS=Tapirus terrestris OX=9801 GN=COL1A1 PE=1 SV=1,72.1,2.40E-06,K,GESGPSGPAGPTGAR,G,NA,NA,NA,NA,File: ~S:\p24073\Proteomics\EXPLORIS_1\pecnikjaruschka_20220124_20220124_Finland\20220124_020_S355909_ZH1656_SB1_8.raw~ ; SpectrumID: ~11289~; scans: ~7797~
2,sp|C0HJN7|CO1A1_TAPTE,Collagen alpha-1(I) chain (Fragments) OS=Tapirus terrestris OX=9801 GN=COL1A1 PE=1 SV=1,65.99,2.60E-06,R,GFSGIDGAKGDAGPAGPK,G,NA,NA,NA,NA,File: ~S:\p24073\Proteomics\EXPLORIS_1\pecnikjaruschka_20220124_20220124_Finland\20220124_020_S355909_ZH1656_SB1_8.raw~ ; SpectrumID: ~33245~; scans: ~19052~
2,sp|C0HJN7|CO1A1_TAPTE,Collagen alpha-1(I) chain (Fragments) OS=Tapirus terrestris OX=9801 GN=COL1A1 PE=1 SV=1,40.44,3.40E-04,R,GFSGIDGAKGDAGPAGPK,G,NA,NA,NA,NA,File: ~S:\p24073\Proteomics\EXPLORIS_1\pecnikjaruschka_20220124_20220124_Finland\20220124_020_S355909_ZH1656_SB1_8.raw~ ; SpectrumID: ~33325~; scans: ~19134~
2,sp|C0HJN7|CO1A1_TAPTE,Collagen alpha-1(I) chain (Fragments) OS=Tapirus terrestris OX=9801 GN=COL1A1 PE=1 SV=1,31.04,0.0012,R,GFSGIDGAKGDAGPAGPK,G,NA,NA,NA,NA,File: ~S:\p24073\Proteomics\EXPLORIS_1\pecnikjaruschka_20220124_20220124_Finland\20220124_020_S355909_ZH1656_SB1_8.raw~ ; SpectrumID: ~31340~; scans: ~18123~
2,sp|C0HJN7|CO1A1_TAPTE,Collagen alpha-1(I) chain (Fragments) OS=Tapirus terrestris OX=9801 GN=COL1A1 PE=1 SV=1,25.63,0.004,R,GFPGSDGVAGPKGPAGER,G,NA,NA,NA,NA,File: ~S:\p24073\Proteomics\EXPLORIS_1\pecnikjaruschka_20220124_20220124_Finland\20220124_020_S355909_ZH1656_SB1_8.raw~ ; SpectrumID: ~31623~; scans: ~18414~
2,sp|C0HJN7|CO1A1_TAPTE,Collagen alpha-1(I) chain (Fragments) OS=Tapirus terrestris OX=9801 GN=COL1A1 PE=1 SV=1,60.62,2.10E-06,K,DGEAGAQGPPGPAGPAGER,G,NA,NA,NA,NA,File: ~S:\p24073\Proteomics\EXPLORIS_1\pecnikjaruschka_20220124_20220124_Finland\20220124_020_S355909_ZH1656_SB1_8.raw~ ; SpectrumID: ~21231~; scans: ~12879~
2,sp|C0HJN7|CO1A1_TAPTE,Collagen alpha-1(I) chain (Fragments) OS=Tapirus terrestris OX=9801 GN=COL1A1 PE=1 SV=1,27.2,0.0028,K,GEPGPTGIQGPPGPAGEEGKR,G,NA,NA,NA,NA,File: ~S:\p24073\Proteomics\EXPLORIS_1\pecnikjaruschka_20220124_20220124_Finland\20220124_020_S355909_ZH1656_SB1_8.raw~ ; SpectrumID: ~29100~; scans: ~16851~
7,sp|P08123|CO1A2_HUMAN,Collagen alpha-2(I) chain OS=Homo sapiens OX=9606 GN=COL1A2 PE=1 SV=7,39.95,0.0022,R,GVVGPQGAR,G,NA,NA,NA,NA,File: ~S:\p24073\Proteomics\EXPLORIS_1\pecnikjaruschka_20220124_20220124_Finland\20220124_020_S355909_ZH1656_SB1_8.raw~ ; SpectrumID: ~11320~; scans: ~7829~
7,sp|P08123|CO1A2_HUMAN,Collagen alpha-2(I) chain OS=Homo sapiens OX=9606 GN=COL1A2 PE=1 SV=7,42.11,0.0025,R,GVVGPQGAR,G,NA,NA,NA,NA,File: ~S:\p24073\Proteomics\EXPLORIS_1\pecnikjaruschka_20220124_20220124_Finland\20220124_020_S355909_ZH1656_SB1_8.raw~ ; SpectrumID: ~11043~; scans: ~7542~
7,sp|P08123|CO1A2_HUMAN,Collagen alpha-2(I) chain OS=Homo sapiens OX=9606 GN=COL1A2 PE=1 SV=7,37.79,0.0074,R,GVVGPQGAR,G,Deamidated (NQ),0.000001000.0,NA,NA,File: ~S:\p24073\Proteomics\EXPLORIS_1\pecnikjaruschka_20220124_20220124_Finland\20220124_020_S355909_ZH1656_SB1_8.raw~ ; SpectrumID: ~13769~; scans: ~9321~
7,sp|P08123|CO1A2_HUMAN,Collagen alpha-2(I) chain OS=Homo sapiens OX=9606 GN=COL1A2 PE=1 SV=7,43.87,0.0053,R,GVVGPQGAR,G,Deamidated (NQ),0.000001000.0,NA,NA,File: ~S:\p24073\Proteomics\EXPLORIS_1\pecnikjaruschka_20220124_20220124_Finland\20220124_020_S355909_ZH1656_SB1_8.raw~ ; SpectrumID: ~13497~; scans: ~9041~
7,sp|P08123|CO1A2_HUMAN,Collagen alpha-2(I) chain OS=Homo sapiens OX=9606 GN=COL1A2 PE=1 SV=7,34.06,6.40E-04,R,GPSGPQGIR,G,NA,NA,NA,NA,File: ~S:\p24073\Proteomics\EXPLORIS_1\pecnikjaruschka_20220124_20220124_Finland\20220124_020_S355909_ZH1656_SB1_8.raw~ ; SpectrumID: ~13185~; scans: ~8720~
7,sp|P08123|CO1A2_HUMAN,Collagen alpha-2(I) chain OS=Homo sapiens OX=9606 GN=COL1A2 PE=1 SV=7,38.58,5.30E-04,R,GPSGPQGIR,G,NA,NA,NA,NA,File: ~S:\p24073\Proteomics\EXPLORIS_1\pecnikjaruschka_20220124_20220124_Finland\20220124_020_S355909_ZH1656_SB1_8.raw~ ; SpectrumID: ~11914~; scans: ~8440~
7,sp|P08123|CO1A2_HUMAN,Collagen alpha-2(I) chain OS=Homo sapiens OX=9606 GN=COL1A2 PE=1 SV=7,56.97,1.20E-05,R,GPAGPSGPAGKDGR,T,NA,NA,NA,NA,File: ~S:\p24073\Proteomics\EXPLORIS_1\pecnikjaruschka_20220124_20220124_Finland\20220124_020_S355909_ZH1656_SB1_8.raw~ ; SpectrumID: ~5157~; scans: ~4454~
7,sp|P08123|CO1A2_HUMAN,Collagen alpha-2(I) chain OS=Homo sapiens OX=9606 GN=COL1A2 PE=1 SV=7,74.89,1.80E-07,K,GEIGAVGNAGPAGPAGPR,G,NA,NA,NA,NA,File: ~S:\p24073\Proteomics\EXPLORIS_1\pecnikjaruschka_20220124_20220124_Finland\20220124_020_S355909_ZH1656_SB1_8.raw~ ; SpectrumID: ~35262~; scans: ~20096~
7,sp|P08123|CO1A2_HUMAN,Collagen alpha-2(I) chain OS=Homo sapiens OX=9606 GN=COL1A2 PE=1 SV=7,69.9,2.80E-07,R,GETGPSGPVGPAGAVGPR,G,NA,NA,NA,NA,File: ~S:\p24073\Proteomics\EXPLORIS_1\pecnikjaruschka_20220124_20220124_Finland\20220124_020_S355909_ZH1656_SB1_8.raw~ ; SpectrumID: ~35425~; scans: ~20263~
7,sp|P08123|CO1A2_HUMAN,Collagen alpha-2(I) chain OS=Homo sapiens OX=9606 GN=COL1A2 PE=1 SV=7,41.98,3.50E-04,K,HGNRGETGPSGPVGPAGAVGPR,G,NA,NA,NA,NA,File: ~S:\p24073\Proteomics\EXPLORIS_1\pecnikjaruschka_20220124_20220124_Finland\20220124_020_S355909_ZH1656_SB1_8.raw~ ; SpectrumID: ~25408~; scans: ~15114~
7,sp|P08123|CO1A2_HUMAN,Collagen alpha-2(I) chain OS=Homo sapiens OX=9606 GN=COL1A2 PE=1 SV=7,37.82,2.80E-04,K,HGNRGETGPSGPVGPAGAVGPR,G,Deamidated (NQ),0.0010000000000000000000.0,NA,NA,File: ~S:\p24073\Proteomics\EXPLORIS_1\pecnikjaruschka_20220124_20220124_Finland\20220124_020_S355909_ZH1656_SB1_8.raw~ ; SpectrumID: ~27004~; scans: ~15726~
8,sp|P11087|CO1A1_MOUSE,Collagen alpha-1(I) chain OS=Mus musculus OX=10090 GN=Col1a1 PE=1 SV=4,51.68,7.00E-04,K,GSPGADGPAGSPGTPGPQGIAGQR,G,NA,NA,NA,NA,File: ~S:\p24073\Proteomics\EXPLORIS_1\pecnikjaruschka_20220124_20220124_Finland\20220124_020_S355909_ZH1656_SB1_8.raw~ ; SpectrumID: ~31937~; scans: ~18736~
8,sp|P11087|CO1A1_MOUSE,Collagen alpha-1(I) chain OS=Mus musculus OX=10090 GN=Col1a1 PE=1 SV=4,55.08,0.0057,K,GSPGADGPAGSPGTPGPQGIAGQR,G,Deamidated (NQ),0.000000000000000000000010.0,NA,NA,File: ~S:\p24073\Proteomics\EXPLORIS_1\pecnikjaruschka_20220124_20220124_Finland\20220124_020_S355909_ZH1656_SB1_8.raw~ ; SpectrumID: ~33873~; scans: ~19696~
9,sp|P21420|NMPC_ECOLI,Putative outer membrane porin protein NmpC OS=Escherichia coli (strain K12) OX=83333 GN=nmpC PE=5 SV=2,47.13,0.007,R,LAFAGLK,F,NA,NA,NA,NA,File: ~S:\p24073\Proteomics\EXPLORIS_1\pecnikjaruschka_20220124_20220124_Finland\20220124_020_S355909_ZH1656_SB1_8.raw~ ; SpectrumID: ~53753~; scans: ~29834~
9,sp|P21420|NMPC_ECOLI,Putative outer membrane porin protein NmpC OS=Escherichia coli (strain K12) OX=83333 GN=nmpC PE=5 SV=2,49.39,0.0018,R,ATGVATYR,N,NA,NA,NA,NA,File: ~S:\p24073\Proteomics\EXPLORIS_1\pecnikjaruschka_20220124_20220124_Finland\20220124_020_S355909_ZH1656_SB1_8.raw~ ; SpectrumID: ~13117~; scans: ~8650~
9,sp|P21420|NMPC_ECOLI,Putative outer membrane porin protein NmpC OS=Escherichia coli (strain K12) OX=83333 GN=nmpC PE=5 SV=2,35.43,0.0032,K,NAEVWAAGLK,Y,NA,NA,NA,NA,File: ~S:\p24073\Proteomics\EXPLORIS_1\pecnikjaruschka_20220124_20220124_Finland\20220124_020_S355909_ZH1656_SB1_8.raw~ ; SpectrumID: ~53906~; scans: ~29991~
9,sp|P21420|NMPC_ECOLI,Putative outer membrane porin protein NmpC OS=Escherichia coli (strain K12) OX=83333 GN=nmpC PE=5 SV=2,26.54,0.006,K,NMSTFVDYK,I,Oxidation (M),0.020000000.0,NA,NA,File: ~S:\p24073\Proteomics\EXPLORIS_1\pecnikjaruschka_20220124_20220124_Finland\20220124_020_S355909_ZH1656_SB1_8.raw~ ; SpectrumID: ~33787~; scans: ~19608~
9,sp|P21420|NMPC_ECOLI,Putative outer membrane porin protein NmpC OS=Escherichia coli (strain K12) OX=83333 GN=nmpC PE=5 SV=2,56.88,8.00E-05,K,FGDYGSIDYGR,N,NA,NA,NA,NA,File: ~S:\p24073\Proteomics\EXPLORIS_1\pecnikjaruschka_20220124_20220124_Finland\20220124_020_S355909_ZH1656_SB1_8.raw~ ; SpectrumID: ~47820~; scans: ~26825~
9,sp|P21420|NMPC_ECOLI,Putative outer membrane porin protein NmpC OS=Escherichia coli (strain K12) OX=83333 GN=nmpC PE=5 SV=2,82.31,1.10E-06,K,FGDYGSIDYGR,N,NA,NA,NA,NA,File: ~S:\p24073\Proteomics\EXPLORIS_1\pecnikjaruschka_20220124_20220124_Finland\20220124_020_S355909_ZH1656_SB1_8.raw~ ; SpectrumID: ~47552~; scans: ~26550~
9,sp|P21420|NMPC_ECOLI,Putative outer membrane porin protein NmpC OS=Escherichia coli (strain K12) OX=83333 GN=nmpC PE=5 SV=2,46.96,0.004,K,YVDVGATYYFNK,N,NA,NA,NA,NA,File: ~S:\p24073\Proteomics\EXPLORIS_1\pecnikjaruschka_20220124_20220124_Finland\20220124_020_S355909_ZH1656_SB1_8.raw~ ; SpectrumID: ~61675~; scans: ~33858~
9,sp|P21420|NMPC_ECOLI,Putative outer membrane porin protein NmpC OS=Escherichia coli (strain K12) OX=83333 GN=nmpC PE=5 SV=2,61.31,9.60E-04,K,YVDVGATYYFNK,N,NA,NA,NA,NA,File: ~S:\p24073\Proteomics\EXPLORIS_1\pecnikjaruschka_20220124_20220124_Finland\20220124_020_S355909_ZH1656_SB1_8.raw~ ; SpectrumID: ~61380~; scans: ~33555~
9,sp|P21420|NMPC_ECOLI,Putative outer membrane porin protein NmpC OS=Escherichia coli (strain K12) OX=83333 GN=nmpC PE=5 SV=2,63.51,1.10E-06,K,HYFSSNDADDGDTTYAR,L,NA,NA,NA,NA,File: ~S:\p24073\Proteomics\EXPLORIS_1\pecnikjaruschka_20220124_20220124_Finland\20220124_020_S355909_ZH1656_SB1_8.raw~ ; SpectrumID: ~27274~; scans: ~16003~
10,sp|Q9D3H2|OBP1A_MOUSE,Odorant-binding protein 1a OS=Mus musculus OX=10090 GN=Obp1a PE=1 SV=2,54.11,1.00E-05,K,LLFILGHGPLTSEQK,E,NA,NA,NA,NA,File: ~S:\p24073\Proteomics\EXPLORIS_1\pecnikjaruschka_20220124_20220124_Finland\20220124_020_S355909_ZH1656_SB1_8.raw~ ; SpectrumID: ~81850~; scans: ~44296~
10,sp|Q9D3H2|OBP1A_MOUSE,Odorant-binding protein 1a OS=Mus musculus OX=10090 GN=Obp1a PE=1 SV=2,74.91,1.10E-06,K,LLFILGHGPLTSEQK,E,NA,NA,NA,NA,File: ~S:\p24073\Proteomics\EXPLORIS_1\pecnikjaruschka_20220124_20220124_Finland\20220124_020_S355909_ZH1656_SB1_8.raw~ ; SpectrumID: ~81945~; scans: ~44394~
10,sp|Q9D3H2|OBP1A_MOUSE,Odorant-binding protein 1a OS=Mus musculus OX=10090 GN=Obp1a PE=1 SV=2,44.88,1.20E-04,K,TKLLFILGHGPLTSEQK,E,NA,NA,NA,NA,File: ~S:\p24073\Proteomics\EXPLORIS_1\pecnikjaruschka_20220124_20220124_Finland\20220124_020_S355909_ZH1656_SB1_8.raw~ ; SpectrumID: ~75056~; scans: ~40404~
10,sp|Q9D3H2|OBP1A_MOUSE,Odorant-binding protein 1a OS=Mus musculus OX=10090 GN=Obp1a PE=1 SV=2,46.64,4.20E-05,K,LLFILGHGPLTSEQKEK,F,NA,NA,NA,NA,File: ~S:\p24073\Proteomics\EXPLORIS_1\pecnikjaruschka_20220124_20220124_Finland\20220124_020_S355909_ZH1656_SB1_8.raw~ ; SpectrumID: ~73504~; scans: ~39838~
10,sp|Q9D3H2|OBP1A_MOUSE,Odorant-binding protein 1a OS=Mus musculus OX=10090 GN=Obp1a PE=1 SV=2,56.54,5.00E-06,K,LLFILGHGPLTSEQKEK,F,NA,NA,NA,NA,File: ~S:\p24073\Proteomics\EXPLORIS_1\pecnikjaruschka_20220124_20220124_Finland\20220124_020_S355909_ZH1656_SB1_8.raw~ ; SpectrumID: ~73501~; scans: ~39835~
10,sp|Q9D3H2|OBP1A_MOUSE,Odorant-binding protein 1a OS=Mus musculus OX=10090 GN=Obp1a PE=1 SV=2,29.74,0.0016,K,LLFILGHGPLTSEQKEK,F,Deamidated (NQ),0.00000000000001000.0,NA,NA,File: ~S:\p24073\Proteomics\EXPLORIS_1\pecnikjaruschka_20220124_20220124_Finland\20220124_020_S355909_ZH1656_SB1_8.raw~ ; SpectrumID: ~75133~; scans: ~40483~
12,sp|P06702|S10A9_HUMAN,Protein S100-A9 OS=Homo sapiens OX=9606 GN=S100A9 PE=1 SV=1,63,2.10E-06,R,NIETIINTFHQYSVK,L,NA,NA,NA,NA,File: ~S:\p24073\Proteomics\EXPLORIS_1\pecnikjaruschka_20220124_20220124_Finland\20220124_020_S355909_ZH1656_SB1_8.raw~ ; SpectrumID: ~85439~; scans: ~45926~
12,sp|P06702|S10A9_HUMAN,Protein S100-A9 OS=Homo sapiens OX=9606 GN=S100A9 PE=1 SV=1,31.18,0.0018,R,NIETIINTFHQYSVK,L,NA,NA,NA,NA,File: ~S:\p24073\Proteomics\EXPLORIS_1\pecnikjaruschka_20220124_20220124_Finland\20220124_020_S355909_ZH1656_SB1_8.raw~ ; SpectrumID: ~85746~; scans: ~46241~
12,sp|P06702|S10A9_HUMAN,Protein S100-A9 OS=Homo sapiens OX=9606 GN=S100A9 PE=1 SV=1,42.3,1.10E-04,K,LGHPDTLNQGEFKELVR,K,NA,NA,NA,NA,File: ~S:\p24073\Proteomics\EXPLORIS_1\pecnikjaruschka_20220124_20220124_Finland\20220124_020_S355909_ZH1656_SB1_8.raw~ ; SpectrumID: ~55092~; scans: ~30182~
12,sp|P06702|S10A9_HUMAN,Protein S100-A9 OS=Homo sapiens OX=9606 GN=S100A9 PE=1 SV=1,54.4,9.30E-06,K,LGHPDTLNQGEFKELVR,K,NA,NA,NA,NA,File: ~S:\p24073\Proteomics\EXPLORIS_1\pecnikjaruschka_20220124_20220124_Finland\20220124_020_S355909_ZH1656_SB1_8.raw~ ; SpectrumID: ~55123~; scans: ~30214~
12,sp|P06702|S10A9_HUMAN,Protein S100-A9 OS=Homo sapiens OX=9606 GN=S100A9 PE=1 SV=1,57.25,4.30E-06,K,LGHPDTLNQGEFKELVR,K,Deamidated (NQ),0.00000000100000000.0,NA,NA,File: ~S:\p24073\Proteomics\EXPLORIS_1\pecnikjaruschka_20220124_20220124_Finland\20220124_020_S355909_ZH1656_SB1_8.raw~ ; SpectrumID: ~57942~; scans: ~32080~
12,sp|P06702|S10A9_HUMAN,Protein S100-A9 OS=Homo sapiens OX=9606 GN=S100A9 PE=1 SV=1,46.84,4.10E-05,K,LGHPDTLNQGEFKELVR,K,Deamidated (NQ),0.00000000100000000.0,NA,NA,File: ~S:\p24073\Proteomics\EXPLORIS_1\pecnikjaruschka_20220124_20220124_Finland\20220124_020_S355909_ZH1656_SB1_8.raw~ ; SpectrumID: ~57866~; scans: ~32002~
13,sp|P02792|FRIL_HUMAN,Ferritin light chain OS=Homo sapiens OX=9606 GN=FTL PE=1 SV=2,52.17,1.10E-04,K,LNQALLDLHALGSAR,T,NA,NA,NA,NA,File: ~S:\p24073\Proteomics\EXPLORIS_1\pecnikjaruschka_20220124_20220124_Finland\20220124_020_S355909_ZH1656_SB1_8.raw~ ; SpectrumID: ~71506~; scans: ~38814~
13,sp|P02792|FRIL_HUMAN,Ferritin light chain OS=Homo sapiens OX=9606 GN=FTL PE=1 SV=2,41.08,1.40E-04,K,KLNQALLDLHALGSAR,T,NA,NA,NA,NA,File: ~S:\p24073\Proteomics\EXPLORIS_1\pecnikjaruschka_20220124_20220124_Finland\20220124_020_S355909_ZH1656_SB1_8.raw~ ; SpectrumID: ~65796~; scans: ~36034~
13,sp|P02792|FRIL_HUMAN,Ferritin light chain OS=Homo sapiens OX=9606 GN=FTL PE=1 SV=2,61.11,6.10E-05,K,KLNQALLDLHALGSAR,T,NA,NA,NA,NA,File: ~S:\p24073\Proteomics\EXPLORIS_1\pecnikjaruschka_20220124_20220124_Finland\20220124_020_S355909_ZH1656_SB1_8.raw~ ; SpectrumID: ~65531~; scans: ~35762~
13,sp|P02792|FRIL_HUMAN,Ferritin light chain OS=Homo sapiens OX=9606 GN=FTL PE=1 SV=2,38.95,2.20E-04,K,KLNQALLDLHALGSAR,T,NA,NA,NA,NA,File: ~S:\p24073\Proteomics\EXPLORIS_1\pecnikjaruschka_20220124_20220124_Finland\20220124_020_S355909_ZH1656_SB1_8.raw~ ; SpectrumID: ~65627~; scans: ~35860~
13,sp|P02792|FRIL_HUMAN,Ferritin light chain OS=Homo sapiens OX=9606 GN=FTL PE=1 SV=2,49.79,2.20E-05,K,KLNQALLDLHALGSAR,T,NA,NA,NA,NA,File: ~S:\p24073\Proteomics\EXPLORIS_1\pecnikjaruschka_20220124_20220124_Finland\20220124_020_S355909_ZH1656_SB1_8.raw~ ; SpectrumID: ~65523~; scans: ~35754~
13,sp|P02792|FRIL_HUMAN,Ferritin light chain OS=Homo sapiens OX=9606 GN=FTL PE=1 SV=2,75.23,1.50E-06,K,KLNQALLDLHALGSAR,T,Deamidated (NQ),0.0001000000000000.0,NA,NA,File: ~S:\p24073\Proteomics\EXPLORIS_1\pecnikjaruschka_20220124_20220124_Finland\20220124_020_S355909_ZH1656_SB1_8.raw~ ; SpectrumID: ~67638~; scans: ~36898~
14,sp|A2AEP0|OBP1B_MOUSE,Odorant-binding protein 1b OS=Mus musculus OX=10090 GN=Obp1b PE=1 SV=1,41.45,3.40E-04,K,TKLLYILGK,G,NA,NA,NA,NA,File: ~S:\p24073\Proteomics\EXPLORIS_1\pecnikjaruschka_20220124_20220124_Finland\20220124_020_S355909_ZH1656_SB1_8.raw~ ; SpectrumID: ~65566~; scans: ~35798~
14,sp|A2AEP0|OBP1B_MOUSE,Odorant-binding protein 1b OS=Mus musculus OX=10090 GN=Obp1b PE=1 SV=1,110.06,2.30E-10,K,ATSENLVFYDENVDR,A,NA,NA,NA,NA,File: ~S:\p24073\Proteomics\EXPLORIS_1\pecnikjaruschka_20220124_20220124_Finland\20220124_020_S355909_ZH1656_SB1_8.raw~ ; SpectrumID: ~59687~; scans: ~32844~
14,sp|A2AEP0|OBP1B_MOUSE,Odorant-binding protein 1b OS=Mus musculus OX=10090 GN=Obp1b PE=1 SV=1,25.49,0.0041,K,LLYILGKGEALTHEQKER,L,NA,NA,NA,NA,File: ~S:\p24073\Proteomics\EXPLORIS_1\pecnikjaruschka_20220124_20220124_Finland\20220124_020_S355909_ZH1656_SB1_8.raw~ ; SpectrumID: ~57049~; scans: ~31163~
15,sp|E3SH28|PRU01_PRUDU,Prunin 1 Pru du 6.0101 OS=Prunus dulcis OX=3755 PE=1 SV=1,50.72,2.20E-05,R,ALPDEVLANAYQISR,E,NA,NA,NA,NA,File: ~S:\p24073\Proteomics\EXPLORIS_1\pecnikjaruschka_20220124_20220124_Finland\20220124_020_S355909_ZH1656_SB1_8.raw~ ; SpectrumID: ~79874~; scans: ~43295~
15,sp|E3SH28|PRU01_PRUDU,Prunin 1 Pru du 6.0101 OS=Prunus dulcis OX=3755 PE=1 SV=1,69.53,2.20E-06,R,ALPDEVLANAYQISR,E,NA,NA,NA,NA,File: ~S:\p24073\Proteomics\EXPLORIS_1\pecnikjaruschka_20220124_20220124_Finland\20220124_020_S355909_ZH1656_SB1_8.raw~ ; SpectrumID: ~79580~; scans: ~42994~
15,sp|E3SH28|PRU01_PRUDU,Prunin 1 Pru du 6.0101 OS=Prunus dulcis OX=3755 PE=1 SV=1,67.3,3.20E-06,R,ALPDEVLANAYQISR,E,NA,NA,NA,NA,File: ~S:\p24073\Proteomics\EXPLORIS_1\pecnikjaruschka_20220124_20220124_Finland\20220124_020_S355909_ZH1656_SB1_8.raw~ ; SpectrumID: ~79295~; scans: ~42701~
16,sp|P0C016|RS27A_SCHPO,Ubiquitin-40S ribosomal protein S27a OS=Schizosaccharomyces pombe (strain 972 / ATCC 24843) OX=284812 GN=ubi3 PE=1 SV=2,77.79,9.30E-06,K,ESTLHLVLR,L,NA,NA,NA,NA,File: ~S:\p24073\Proteomics\EXPLORIS_1\pecnikjaruschka_20220124_20220124_Finland\20220124_020_S355909_ZH1656_SB1_8.raw~ ; SpectrumID: ~51692~; scans: ~28746~
16,sp|P0C016|RS27A_SCHPO,Ubiquitin-40S ribosomal protein S27a OS=Schizosaccharomyces pombe (strain 972 / ATCC 24843) OX=284812 GN=ubi3 PE=1 SV=2,31.56,0.0044,R,TLSDYNIQK,E,NA,NA,NA,NA,File: ~S:\p24073\Proteomics\EXPLORIS_1\pecnikjaruschka_20220124_20220124_Finland\20220124_020_S355909_ZH1656_SB1_8.raw~ ; SpectrumID: ~29838~; scans: ~17608~
16,sp|P0C016|RS27A_SCHPO,Ubiquitin-40S ribosomal protein S27a OS=Schizosaccharomyces pombe (strain 972 / ATCC 24843) OX=284812 GN=ubi3 PE=1 SV=2,87.02,4.90E-06,K,TITLEVESSDTIDNVK,S,NA,NA,NA,NA,File: ~S:\p24073\Proteomics\EXPLORIS_1\pecnikjaruschka_20220124_20220124_Finland\20220124_020_S355909_ZH1656_SB1_8.raw~ ; SpectrumID: ~61852~; scans: ~34039~
16,sp|P0C016|RS27A_SCHPO,Ubiquitin-40S ribosomal protein S27a OS=Schizosaccharomyces pombe (strain 972 / ATCC 24843) OX=284812 GN=ubi3 PE=1 SV=2,24.11,0.0055,R,TLSDYNIQKESTLHLVLR,L,NA,NA,NA,NA,File: ~S:\p24073\Proteomics\EXPLORIS_1\pecnikjaruschka_20220124_20220124_Finland\20220124_020_S355909_ZH1656_SB1_8.raw~ ; SpectrumID: ~65900~; scans: ~36140~
17,sp|P27080|ADT_CHLRE,"ADP,ATP carrier protein OS=Chlamydomonas reinhardtii OX=3055 GN=ABT PE=2 SV=1",53.12,0.0032,K,GAGANILR,A,NA,NA,NA,NA,File: ~S:\p24073\Proteomics\EXPLORIS_1\pecnikjaruschka_20220124_20220124_Finland\20220124_020_S355909_ZH1656_SB1_8.raw~ ; SpectrumID: ~25859~; scans: ~15577~
17,sp|P27080|ADT_CHLRE,"ADP,ATP carrier protein OS=Chlamydomonas reinhardtii OX=3055 GN=ABT PE=2 SV=1",62.61,4.90E-06,K,TIASDGIAGLYR,G,NA,NA,NA,NA,File: ~S:\p24073\Proteomics\EXPLORIS_1\pecnikjaruschka_20220124_20220124_Finland\20220124_020_S355909_ZH1656_SB1_8.raw~ ; SpectrumID: ~63043~; scans: ~34235~
17,sp|P27080|ADT_CHLRE,"ADP,ATP carrier protein OS=Chlamydomonas reinhardtii OX=3055 GN=ABT PE=2 SV=1",63.68,5.40E-06,K,LLIQNQDEMIK,Q,NA,NA,NA,NA,File: ~S:\p24073\Proteomics\EXPLORIS_1\pecnikjaruschka_20220124_20220124_Finland\20220124_020_S355909_ZH1656_SB1_8.raw~ ; SpectrumID: ~57264~; scans: ~31384~
18,sp|Q8A1G1|SUSC_BACTN,TonB-dependent receptor SusC OS=Bacteroides thetaiotaomicron (strain ATCC 29148 / DSM 2079 / NCTC 10582 / E50 / VPI-5482) OX=226186 GN=susC PE=1 SV=1,27.4,0.0027,K,DASATAIYGSR,A,NA,NA,NA,NA,File: ~S:\p24073\Proteomics\EXPLORIS_1\pecnikjaruschka_20220124_20220124_Finland\20220124_020_S355909_ZH1656_SB1_8.raw~ ; SpectrumID: ~27228~; scans: ~15956~
18,sp|Q8A1G1|SUSC_BACTN,TonB-dependent receptor SusC OS=Bacteroides thetaiotaomicron (strain ATCC 29148 / DSM 2079 / NCTC 10582 / E50 / VPI-5482) OX=226186 GN=susC PE=1 SV=1,82.62,6.50E-07,R,ASNGVIIITTK,K,NA,NA,NA,NA,File: ~S:\p24073\Proteomics\EXPLORIS_1\pecnikjaruschka_20220124_20220124_Finland\20220124_020_S355909_ZH1656_SB1_8.raw~ ; SpectrumID: ~49717~; scans: ~27745~
18,sp|Q8A1G1|SUSC_BACTN,TonB-dependent receptor SusC OS=Bacteroides thetaiotaomicron (strain ATCC 29148 / DSM 2079 / NCTC 10582 / E50 / VPI-5482) OX=226186 GN=susC PE=1 SV=1,62.41,4.40E-06,R,ASNGVIIITTK,K,Deamidated (NQ),0.00100000000.0,NA,NA,File: ~S:\p24073\Proteomics\EXPLORIS_1\pecnikjaruschka_20220124_20220124_Finland\20220124_020_S355909_ZH1656_SB1_8.raw~ ; SpectrumID: ~53235~; scans: ~29303~
21,zz|Y-FGCZCont00054|,zz|FGCZCont0053_Q14533|KRT81_HUMAN blastpHomologue_0.0,42.21,9.70E-04,R,FAAFIDKVR,F,NA,NA,NA,NA,File: ~S:\p24073\Proteomics\EXPLORIS_1\pecnikjaruschka_20220124_20220124_Finland\20220124_020_S355909_ZH1656_SB1_8.raw~ ; SpectrumID: ~51540~; scans: ~28590~
21,zz|Y-FGCZCont00054|,zz|FGCZCont0053_Q14533|KRT81_HUMAN blastpHomologue_0.0,42.36,9.50E-04,R,FAAFIDKVR,F,NA,NA,NA,NA,File: ~S:\p24073\Proteomics\EXPLORIS_1\pecnikjaruschka_20220124_20220124_Finland\20220124_020_S355909_ZH1656_SB1_8.raw~ ; SpectrumID: ~51578~; scans: ~28629~
21,zz|Y-FGCZCont00054|,zz|FGCZCont0053_Q14533|KRT81_HUMAN blastpHomologue_0.0,31,0.0016,R,ATAENEFVALKK,D,NA,NA,NA,NA,File: ~S:\p24073\Proteomics\EXPLORIS_1\pecnikjaruschka_20220124_20220124_Finland\20220124_020_S355909_ZH1656_SB1_8.raw~ ; SpectrumID: ~39189~; scans: ~22073~
21,zz|Y-FGCZCont00054|,zz|FGCZCont0053_Q14533|KRT81_HUMAN blastpHomologue_0.0,27.7,0.0025,R,LASELNHVQEVLEGYKK,K,NA,NA,NA,NA,File: ~S:\p24073\Proteomics\EXPLORIS_1\pecnikjaruschka_20220124_20220124_Finland\20220124_020_S355909_ZH1656_SB1_8.raw~ ; SpectrumID: ~67004~; scans: ~36247~
21,zz|Y-FGCZCont00054|,zz|FGCZCont0053_Q14533|KRT81_HUMAN blastpHomologue_0.0,53.66,6.70E-05,R,LASELNHVQEVLEGYKK,K,NA,NA,NA,NA,File: ~S:\p24073\Proteomics\EXPLORIS_1\pecnikjaruschka_20220124_20220124_Finland\20220124_020_S355909_ZH1656_SB1_8.raw~ ; SpectrumID: ~65976~; scans: ~36218~
22,sp|P0DQH0|OMPC_ECOL5,Outer membrane porin C OS=Escherichia coli O6:K15:H31 (strain 536 / UPEC) OX=362663 GN=ompC PE=1 SV=1,42.05,6.10E-04,R,VGSLGWANK,A,NA,NA,NA,NA,File: ~S:\p24073\Proteomics\EXPLORIS_1\pecnikjaruschka_20220124_20220124_Finland\20220124_020_S355909_ZH1656_SB1_8.raw~ ; SpectrumID: ~39289~; scans: ~22176~
22,sp|P0DQH0|OMPC_ECOL5,Outer membrane porin C OS=Escherichia coli O6:K15:H31 (strain 536 / UPEC) OX=362663 GN=ompC PE=1 SV=1,60.2,0.0019,K,INLLDDNQFTR,D,NA,NA,NA,NA,File: ~S:\p24073\Proteomics\EXPLORIS_1\pecnikjaruschka_20220124_20220124_Finland\20220124_020_S355909_ZH1656_SB1_8.raw~ ; SpectrumID: ~67545~; scans: ~36802~
23,sp|P22065|SAS1_PARBF,"Small, acid-soluble spore protein alpha OS=Paraclostridium bifermentans OX=1490 PE=1 SV=1",55.03,6.90E-06,R,QNGYVGGYMTK,K,NA,NA,NA,NA,File: ~S:\p24073\Proteomics\EXPLORIS_1\pecnikjaruschka_20220124_20220124_Finland\20220124_020_S355909_ZH1656_SB1_8.raw~ ; SpectrumID: ~33277~; scans: ~19085~
23,sp|P22065|SAS1_PARBF,"Small, acid-soluble spore protein alpha OS=Paraclostridium bifermentans OX=1490 PE=1 SV=1",58.06,3.60E-06,R,QNGYVGGYMTK,K,Deamidated (NQ),0.01000000000.0,NA,NA,File: ~S:\p24073\Proteomics\EXPLORIS_1\pecnikjaruschka_20220124_20220124_Finland\20220124_020_S355909_ZH1656_SB1_8.raw~ ; SpectrumID: ~35679~; scans: ~20524~
23,sp|P22065|SAS1_PARBF,"Small, acid-soluble spore protein alpha OS=Paraclostridium bifermentans OX=1490 PE=1 SV=1",26.66,0.0032,R,QNGYVGGYMTK,K,Deamidated (NQ); Oxidation (M),0.01000000200.0,NA,NA,File: ~S:\p24073\Proteomics\EXPLORIS_1\pecnikjaruschka_20220124_20220124_Finland\20220124_020_S355909_ZH1656_SB1_8.raw~ ; SpectrumID: ~23129~; scans: ~13801~
25,sp|Q6P8U6|LIPP_MOUSE,Pancreatic triacylglycerol lipase OS=Mus musculus OX=10090 GN=Pnlip PE=1 SV=1,63.85,1.30E-06,R,TTYTQATQNVR,V,NA,NA,NA,NA,File: ~S:\p24073\Proteomics\EXPLORIS_1\pecnikjaruschka_20220124_20220124_Finland\20220124_020_S355909_ZH1656_SB1_8.raw~ ; SpectrumID: ~17765~; scans: ~11374~
25,sp|Q6P8U6|LIPP_MOUSE,Pancreatic triacylglycerol lipase OS=Mus musculus OX=10090 GN=Pnlip PE=1 SV=1,41.61,4.40E-04,K,ALPWSPAQINTR,F,NA,NA,NA,NA,File: ~S:\p24073\Proteomics\EXPLORIS_1\pecnikjaruschka_20220124_20220124_Finland\20220124_020_S355909_ZH1656_SB1_8.raw~ ; SpectrumID: ~67256~; scans: ~36506~
25,sp|Q6P8U6|LIPP_MOUSE,Pancreatic triacylglycerol lipase OS=Mus musculus OX=10090 GN=Pnlip PE=1 SV=1,36.19,4.00E-04,K,GSLQPGTSHVNEFDSDVDVGDLQK,V,NA,NA,NA,NA,File: ~S:\p24073\Proteomics\EXPLORIS_1\pecnikjaruschka_20220124_20220124_Finland\20220124_020_S355909_ZH1656_SB1_8.raw~ ; SpectrumID: ~57376~; scans: ~31499~
26,sp|P01011|AACT_HUMAN,Alpha-1-antichymotrypsin OS=Homo sapiens OX=9606 GN=SERPINA3 PE=1 SV=2,47.08,0.0028,R,EIGELYLPK,F,NA,NA,NA,NA,File: ~S:\p24073\Proteomics\EXPLORIS_1\pecnikjaruschka_20220124_20220124_Finland\20220124_020_S355909_ZH1656_SB1_8.raw~ ; SpectrumID: ~63715~; scans: ~34925~
26,sp|P01011|AACT_HUMAN,Alpha-1-antichymotrypsin OS=Homo sapiens OX=9606 GN=SERPINA3 PE=1 SV=2,32.47,0.0017,K,MEEVEAMLLPETLKR,W,Oxidation (M),0.000000200000000.0,NA,NA,File: ~S:\p24073\Proteomics\EXPLORIS_1\pecnikjaruschka_20220124_20220124_Finland\20220124_020_S355909_ZH1656_SB1_8.raw~ ; SpectrumID: ~65965~; scans: ~36207~
26,sp|P01011|AACT_HUMAN,Alpha-1-antichymotrypsin OS=Homo sapiens OX=9606 GN=SERPINA3 PE=1 SV=2,23.57,0.0062,K,AVLDVFEEGTEASAATAVK,I,NA,NA,NA,NA,File: ~S:\p24073\Proteomics\EXPLORIS_1\pecnikjaruschka_20220124_20220124_Finland\20220124_020_S355909_ZH1656_SB1_8.raw~ ; SpectrumID: ~77919~; scans: ~42315~
26,sp|P01011|AACT_HUMAN,Alpha-1-antichymotrypsin OS=Homo sapiens OX=9606 GN=SERPINA3 PE=1 SV=2,51.16,1.60E-05,K,AVLDVFEEGTEASAATAVK,I,NA,NA,NA,NA,File: ~S:\p24073\Proteomics\EXPLORIS_1\pecnikjaruschka_20220124_20220124_Finland\20220124_020_S355909_ZH1656_SB1_8.raw~ ; SpectrumID: ~77591~; scans: ~41979~
27,sp|P00362|G3P_GEOSE,Glyceraldehyde-3-phosphate dehydrogenase OS=Geobacillus stearothermophilus OX=1422 GN=gap PE=1 SV=5,67.49,2.70E-04,K,VGINGFGR,I,Deamidated (NQ),0.00010000.0,NA,NA,File: ~S:\p24073\Proteomics\EXPLORIS_1\pecnikjaruschka_20220124_20220124_Finland\20220124_020_S355909_ZH1656_SB1_8.raw~ ; SpectrumID: ~45577~; scans: ~25549~
27,sp|P00362|G3P_GEOSE,Glyceraldehyde-3-phosphate dehydrogenase OS=Geobacillus stearothermophilus OX=1422 GN=gap PE=1 SV=5,57.08,4.50E-04,K,KVIISAPAK,N,NA,NA,NA,NA,File: ~S:\p24073\Proteomics\EXPLORIS_1\pecnikjaruschka_20220124_20220124_Finland\20220124_020_S355909_ZH1656_SB1_8.raw~ ; SpectrumID: ~21680~; scans: ~13340~
27,sp|P00362|G3P_GEOSE,Glyceraldehyde-3-phosphate dehydrogenase OS=Geobacillus stearothermophilus OX=1422 GN=gap PE=1 SV=5,41.55,0.0078,K,AVALVLPELK,G,NA,NA,NA,NA,File: ~S:\p24073\Proteomics\EXPLORIS_1\pecnikjaruschka_20220124_20220124_Finland\20220124_020_S355909_ZH1656_SB1_8.raw~ ; SpectrumID: ~81836~; scans: ~44282~
28,sp|P0A4F2|SAS1_BACCR,"Small, acid-soluble spore protein 1 OS=Bacillus cereus (strain ATCC 14579 / DSM 31 / JCM 2152 / NBRC 15305 / NCIMB 9373 / NRRL B-3711) OX=226900 GN=sasP-1 PE=3 SV=1",35.99,0.0026,R,SNGSVGGEITK,R,NA,NA,NA,NA,File: ~S:\p24073\Proteomics\EXPLORIS_1\pecnikjaruschka_20220124_20220124_Finland\20220124_020_S355909_ZH1656_SB1_8.raw~ ; SpectrumID: ~13424~; scans: ~8966~
28,sp|P0A4F2|SAS1_BACCR,"Small, acid-soluble spore protein 1 OS=Bacillus cereus (strain ATCC 14579 / DSM 31 / JCM 2152 / NBRC 15305 / NCIMB 9373 / NRRL B-3711) OX=226900 GN=sasP-1 PE=3 SV=1",43.82,0.0045,R,SNGSVGGEITK,R,Deamidated (NQ),0.01000000000.0,NA,NA,File: ~S:\p24073\Proteomics\EXPLORIS_1\pecnikjaruschka_20220124_20220124_Finland\20220124_020_S355909_ZH1656_SB1_8.raw~ ; SpectrumID: ~15905~; scans: ~10491~
28,sp|P0A4F2|SAS1_BACCR,"Small, acid-soluble spore protein 1 OS=Bacillus cereus (strain ATCC 14579 / DSM 31 / JCM 2152 / NBRC 15305 / NCIMB 9373 / NRRL B-3711) OX=226900 GN=sasP-1 PE=3 SV=1",42.45,0.0015,R,SNGSVGGEITKR,L,NA,NA,NA,NA,File: ~S:\p24073\Proteomics\EXPLORIS_1\pecnikjaruschka_20220124_20220124_Finland\20220124_020_S355909_ZH1656_SB1_8.raw~ ; SpectrumID: ~11068~; scans: ~7568~
28,sp|P0A4F2|SAS1_BACCR,"Small, acid-soluble spore protein 1 OS=Bacillus cereus (strain ATCC 14579 / DSM 31 / JCM 2152 / NBRC 15305 / NCIMB 9373 / NRRL B-3711) OX=226900 GN=sasP-1 PE=3 SV=1",63.5,4.70E-05,R,SNGSVGGEITKR,L,NA,NA,NA,NA,File: ~S:\p24073\Proteomics\EXPLORIS_1\pecnikjaruschka_20220124_20220124_Finland\20220124_020_S355909_ZH1656_SB1_8.raw~ ; SpectrumID: ~11007~; scans: ~7505~
29,sp|Q04064|OMP_BORPE,Outer membrane porin protein BP0840 OS=Bordetella pertussis (strain Tohama I / ATCC BAA-589 / NCTC 13251) OX=257313 GN=BP0840 PE=1 SV=1,42.45,0.009,K,STAVGVGIR,H,NA,NA,NA,NA,File: ~S:\p24073\Proteomics\EXPLORIS_1\pecnikjaruschka_20220124_20220124_Finland\20220124_020_S355909_ZH1656_SB1_8.raw~ ; SpectrumID: ~31620~; scans: ~18411~
29,sp|Q04064|OMP_BORPE,Outer membrane porin protein BP0840 OS=Bordetella pertussis (strain Tohama I / ATCC BAA-589 / NCTC 13251) OX=257313 GN=BP0840 PE=1 SV=1,41.62,0.0018,K,STAVGVGIR,H,NA,NA,NA,NA,File: ~S:\p24073\Proteomics\EXPLORIS_1\pecnikjaruschka_20220124_20220124_Finland\20220124_020_S355909_ZH1656_SB1_8.raw~ ; SpectrumID: ~27978~; scans: ~16726~
29,sp|Q04064|OMP_BORPE,Outer membrane porin protein BP0840 OS=Bordetella pertussis (strain Tohama I / ATCC BAA-589 / NCTC 13251) OX=257313 GN=BP0840 PE=1 SV=1,55.42,1.40E-04,R,TNLYAYGSYAK,N,NA,NA,NA,NA,File: ~S:\p24073\Proteomics\EXPLORIS_1\pecnikjaruschka_20220124_20220124_Finland\20220124_020_S355909_ZH1656_SB1_8.raw~ ; SpectrumID: ~43850~; scans: ~24803~
30,sp|Q5R8J7|FRIH_PONAB,Ferritin heavy chain OS=Pongo abelii OX=9601 GN=FTH1 PE=2 SV=3,44.36,0.0022,K,NVNQSLLELHK,L,NA,NA,NA,NA,File: ~S:\p24073\Proteomics\EXPLORIS_1\pecnikjaruschka_20220124_20220124_Finland\20220124_020_S355909_ZH1656_SB1_8.raw~ ; SpectrumID: ~45341~; scans: ~25307~
30,sp|Q5R8J7|FRIH_PONAB,Ferritin heavy chain OS=Pongo abelii OX=9601 GN=FTH1 PE=2 SV=3,26.77,0.0031,K,NVNQSLLELHK,L,NA,NA,NA,NA,File: ~S:\p24073\Proteomics\EXPLORIS_1\pecnikjaruschka_20220124_20220124_Finland\20220124_020_S355909_ZH1656_SB1_8.raw~ ; SpectrumID: ~45380~; scans: ~25347~
30,sp|Q5R8J7|FRIH_PONAB,Ferritin heavy chain OS=Pongo abelii OX=9601 GN=FTH1 PE=2 SV=3,41.6,0.0012,K,AIKELGDHVTNLR,K,NA,NA,NA,NA,File: ~S:\p24073\Proteomics\EXPLORIS_1\pecnikjaruschka_20220124_20220124_Finland\20220124_020_S355909_ZH1656_SB1_8.raw~ ; SpectrumID: ~33739~; scans: ~19559~
30,sp|Q5R8J7|FRIH_PONAB,Ferritin heavy chain OS=Pongo abelii OX=9601 GN=FTH1 PE=2 SV=3,21.73,0.0092,K,AIKELGDHVTNLR,K,NA,NA,NA,NA,File: ~S:\p24073\Proteomics\EXPLORIS_1\pecnikjaruschka_20220124_20220124_Finland\20220124_020_S355909_ZH1656_SB1_8.raw~ ; SpectrumID: ~33727~; scans: ~19547~
30,sp|Q5R8J7|FRIH_PONAB,Ferritin heavy chain OS=Pongo abelii OX=9601 GN=FTH1 PE=2 SV=3,22.56,0.0077,R,QNYHQDSEAAINR,Q,NA,NA,NA,NA,File: ~S:\p24073\Proteomics\EXPLORIS_1\pecnikjaruschka_20220124_20220124_Finland\20220124_020_S355909_ZH1656_SB1_8.raw~ ; SpectrumID: ~11929~; scans: ~8456~
31,sp|Q03011|MRPA_PROMH,Major MR/P fimbria protein OS=Proteus mirabilis (strain HI4320) OX=529507 GN=mrpA PE=1 SV=1,74.49,2.70E-06,K,NAAVVITDAGGK,Q,NA,NA,NA,NA,File: ~S:\p24073\Proteomics\EXPLORIS_1\pecnikjaruschka_20220124_20220124_Finland\20220124_020_S355909_ZH1656_SB1_8.raw~ ; SpectrumID: ~29931~; scans: ~17704~
31,sp|Q03011|MRPA_PROMH,Major MR/P fimbria protein OS=Proteus mirabilis (strain HI4320) OX=529507 GN=mrpA PE=1 SV=1,52.48,3.40E-04,K,LGTPSAAQNLR,D,NA,NA,NA,NA,File: ~S:\p24073\Proteomics\EXPLORIS_1\pecnikjaruschka_20220124_20220124_Finland\20220124_020_S355909_ZH1656_SB1_8.raw~ ; SpectrumID: ~29268~; scans: ~17023~
35,sp|A6TK65|ATPB_ALKMQ,ATP synthase subunit beta OS=Alkaliphilus metalliredigens (strain QYMF) OX=293826 GN=atpD PE=3 SV=1,47.42,2.90E-04,K,VVDLIAPYAR,G,NA,NA,NA,NA,File: ~S:\p24073\Proteomics\EXPLORIS_1\pecnikjaruschka_20220124_20220124_Finland\20220124_020_S355909_ZH1656_SB1_8.raw~ ; SpectrumID: ~71898~; scans: ~39216~
35,sp|A6TK65|ATPB_ALKMQ,ATP synthase subunit beta OS=Alkaliphilus metalliredigens (strain QYMF) OX=293826 GN=atpD PE=3 SV=1,78.01,3.60E-05,R,FTQAGSEVSALLGR,M,NA,NA,NA,NA,File: ~S:\p24073\Proteomics\EXPLORIS_1\pecnikjaruschka_20220124_20220124_Finland\20220124_020_S355909_ZH1656_SB1_8.raw~ ; SpectrumID: ~70000~; scans: ~38295~
38,sp|P0A304|ATPL_STRCO,ATP synthase subunit c OS=Streptomyces coelicolor (strain ATCC BAA-471 / A3(2) / M145) OX=100226 GN=atpE PE=3 SV=1,70.37,6.80E-05,R,QPEAAGLIR,A,NA,NA,NA,NA,File: ~S:\p24073\Proteomics\EXPLORIS_1\pecnikjaruschka_20220124_20220124_Finland\20220124_020_S355909_ZH1656_SB1_8.raw~ ; SpectrumID: ~35433~; scans: ~20271~
38,sp|P0A304|ATPL_STRCO,ATP synthase subunit c OS=Streptomyces coelicolor (strain ATCC BAA-471 / A3(2) / M145) OX=100226 GN=atpE PE=3 SV=1,55.54,6.30E-04,R,QPEAAGLIR,A,Deamidated (NQ),0.100000000.0,NA,NA,File: ~S:\p24073\Proteomics\EXPLORIS_1\pecnikjaruschka_20220124_20220124_Finland\20220124_020_S355909_ZH1656_SB1_8.raw~ ; SpectrumID: ~39101~; scans: ~21983~
39,sp|C1CZP1|CH60_DEIDV,60 kDa chaperonin OS=Deinococcus deserti (strain VCD115 / DSM 17065 / LMG 22923) OX=546414 GN=groL PE=3 SV=1,69.54,9.20E-05,K,LSGGVAVIR,V,NA,NA,NA,NA,File: ~S:\p24073\Proteomics\EXPLORIS_1\pecnikjaruschka_20220124_20220124_Finland\20220124_020_S355909_ZH1656_SB1_8.raw~ ; SpectrumID: ~37869~; scans: ~21745~
39,sp|C1CZP1|CH60_DEIDV,60 kDa chaperonin OS=Deinococcus deserti (strain VCD115 / DSM 17065 / LMG 22923) OX=546414 GN=groL PE=3 SV=1,51.19,2.20E-04,R,GVNAVANAVK,V,NA,NA,NA,NA,File: ~S:\p24073\Proteomics\EXPLORIS_1\pecnikjaruschka_20220124_20220124_Finland\20220124_020_S355909_ZH1656_SB1_8.raw~ ; SpectrumID: ~25640~; scans: ~15352~
42,sp|P05109|S10A8_HUMAN,Protein S100-A8 OS=Homo sapiens OX=9606 GN=S100A8 PE=1 SV=1,44.83,6.30E-05,K,ALNSIIDVYHKYSLIK,G,NA,NA,NA,NA,File: ~S:\p24073\Proteomics\EXPLORIS_1\pecnikjaruschka_20220124_20220124_Finland\20220124_020_S355909_ZH1656_SB1_8.raw~ ; SpectrumID: ~79814~; scans: ~43234~
42,sp|P05109|S10A8_HUMAN,Protein S100-A8 OS=Homo sapiens OX=9606 GN=S100A8 PE=1 SV=1,49.4,3.30E-05,K,ALNSIIDVYHKYSLIK,G,NA,NA,NA,NA,File: ~S:\p24073\Proteomics\EXPLORIS_1\pecnikjaruschka_20220124_20220124_Finland\20220124_020_S355909_ZH1656_SB1_8.raw~ ; SpectrumID: ~79825~; scans: ~43245~
46,sp|P24158|PRTN3_HUMAN,Myeloblastin OS=Homo sapiens OX=9606 GN=PRTN3 PE=1 SV=3,45.79,5.10E-05,R,LVNVVLGAHNVR,T,NA,NA,NA,NA,File: ~S:\p24073\Proteomics\EXPLORIS_1\pecnikjaruschka_20220124_20220124_Finland\20220124_020_S355909_ZH1656_SB1_8.raw~ ; SpectrumID: ~47041~; scans: ~26025~
46,sp|P24158|PRTN3_HUMAN,Myeloblastin OS=Homo sapiens OX=9606 GN=PRTN3 PE=1 SV=3,47.46,4.50E-05,R,LVNVVLGAHNVR,T,NA,NA,NA,NA,File: ~S:\p24073\Proteomics\EXPLORIS_1\pecnikjaruschka_20220124_20220124_Finland\20220124_020_S355909_ZH1656_SB1_8.raw~ ; SpectrumID: ~47096~; scans: ~26082~
47,sp|Q6BSQ1|HAT1_DEBHA,Histone acetyltransferase type B catalytic subunit OS=Debaryomyces hansenii (strain ATCC 36239 / CBS 767 / JCM 1990 / NBRC 0083 / IGC 2968) OX=284592 GN=HAT1 PE=3 SV=2,39.21,0.0045,K,FDSNQQEVR,K,Deamidated (NQ),0.000010000.0,NA,NA,File: ~S:\p24073\Proteomics\EXPLORIS_1\pecnikjaruschka_20220124_20220124_Finland\20220124_020_S355909_ZH1656_SB1_8.raw~ ; SpectrumID: ~27126~; scans: ~15851~
47,sp|Q6BSQ1|HAT1_DEBHA,Histone acetyltransferase type B catalytic subunit OS=Debaryomyces hansenii (strain ATCC 36239 / CBS 767 / JCM 1990 / NBRC 0083 / IGC 2968) OX=284592 GN=HAT1 PE=3 SV=2,40.7,0.009,K,FDSNQQEVR,K,Deamidated (NQ),0.000010000.0,NA,NA,File: ~S:\p24073\Proteomics\EXPLORIS_1\pecnikjaruschka_20220124_20220124_Finland\20220124_020_S355909_ZH1656_SB1_8.raw~ ; SpectrumID: ~25392~; scans: ~15098~
47,sp|Q6BSQ1|HAT1_DEBHA,Histone acetyltransferase type B catalytic subunit OS=Debaryomyces hansenii (strain ATCC 36239 / CBS 767 / JCM 1990 / NBRC 0083 / IGC 2968) OX=284592 GN=HAT1 PE=3 SV=2,39.72,0.0046,K,FDSNQQEVR,K,Deamidated (NQ),0.000010000.0,NA,NA,File: ~S:\p24073\Proteomics\EXPLORIS_1\pecnikjaruschka_20220124_20220124_Finland\20220124_020_S355909_ZH1656_SB1_8.raw~ ; SpectrumID: ~23721~; scans: ~14409~
48,sp|A1ALS6|EFTU_PELPD,Elongation factor Tu OS=Pelobacter propionicus (strain DSM 2379 / NBRC 103807 / OttBd1) OX=338966 GN=tuf1 PE=3 SV=1,55.11,0.002,K,TTLTAAITK,V,NA,NA,NA,NA,File: ~S:\p24073\Proteomics\EXPLORIS_1\pecnikjaruschka_20220124_20220124_Finland\20220124_020_S355909_ZH1656_SB1_8.raw~ ; SpectrumID: ~35947~; scans: ~20799~
48,sp|A1ALS6|EFTU_PELPD,Elongation factor Tu OS=Pelobacter propionicus (strain DSM 2379 / NBRC 103807 / OttBd1) OX=338966 GN=tuf1 PE=3 SV=1,41.8,0.0087,R,AGDNIGALLR,G,NA,NA,NA,NA,File: ~S:\p24073\Proteomics\EXPLORIS_1\pecnikjaruschka_20220124_20220124_Finland\20220124_020_S355909_ZH1656_SB1_8.raw~ ; SpectrumID: ~59598~; scans: ~32753~
48,sp|A1ALS6|EFTU_PELPD,Elongation factor Tu OS=Pelobacter propionicus (strain DSM 2379 / NBRC 103807 / OttBd1) OX=338966 GN=tuf1 PE=3 SV=1,57.17,0.0016,R,AGDNIGALLR,G,NA,NA,NA,NA,File: ~S:\p24073\Proteomics\EXPLORIS_1\pecnikjaruschka_20220124_20220124_Finland\20220124_020_S355909_ZH1656_SB1_8.raw~ ; SpectrumID: ~59863~; scans: ~33025~
49,sp|Q8K0C5|ZG16_MOUSE,Zymogen granule membrane protein 16 OS=Mus musculus OX=10090 GN=Zg16 PE=1 SV=1,23.35,0.0065,R,TSSYSGEYGGK,G,NA,NA,NA,NA,File: ~S:\p24073\Proteomics\EXPLORIS_1\pecnikjaruschka_20220124_20220124_Finland\20220124_020_S355909_ZH1656_SB1_8.raw~ ; SpectrumID: ~9884~; scans: ~7378~
49,sp|Q8K0C5|ZG16_MOUSE,Zymogen granule membrane protein 16 OS=Mus musculus OX=10090 GN=Zg16 PE=1 SV=1,61.15,2.30E-06,R,FSHSGNQLDGPITAFR,I,NA,NA,NA,NA,File: ~S:\p24073\Proteomics\EXPLORIS_1\pecnikjaruschka_20220124_20220124_Finland\20220124_020_S355909_ZH1656_SB1_8.raw~ ; SpectrumID: ~57825~; scans: ~31960~
50,sp|A5A6P3|KT33A_PANTR,"Keratin, type I cuticular Ha3-I OS=Pan troglodytes OX=9598 GN=KRT33A PE=2 SV=1",52.29,0.0049,R,LVVQIDNAK,L,NA,NA,NA,NA,File: ~S:\p24073\Proteomics\EXPLORIS_1\pecnikjaruschka_20220124_20220124_Finland\20220124_020_S355909_ZH1656_SB1_8.raw~ ; SpectrumID: ~39565~; scans: ~22459~
50,sp|A5A6P3|KT33A_PANTR,"Keratin, type I cuticular Ha3-I OS=Pan troglodytes OX=9598 GN=KRT33A PE=2 SV=1",52.92,1.10E-04,R,LITNVESQLAEIR,S,NA,NA,NA,NA,File: ~S:\p24073\Proteomics\EXPLORIS_1\pecnikjaruschka_20220124_20220124_Finland\20220124_020_S355909_ZH1656_SB1_8.raw~ ; SpectrumID: ~73004~; scans: ~39325~
50,sp|A5A6P3|KT33A_PANTR,"Keratin, type I cuticular Ha3-I OS=Pan troglodytes OX=9598 GN=KRT33A PE=2 SV=1",24.21,0.0054,R,TVNALEIELQAQHNLR,D,NA,NA,NA,NA,File: ~S:\p24073\Proteomics\EXPLORIS_1\pecnikjaruschka_20220124_20220124_Finland\20220124_020_S355909_ZH1656_SB1_8.raw~ ; SpectrumID: ~69075~; scans: ~37346~
51,REV_sp|Q01641|VP4_ROTHJ,Outer capsid protein VP4 OS=Rotavirus A (strain RVA/Human/Japan/K8/1977/G1P3A[9]) OX=39012 PE=1 SV=1,46.2,0.0058,R,LDDGVQLSVR,A,NA,NA,NA,NA,File: ~S:\p24073\Proteomics\EXPLORIS_1\pecnikjaruschka_20220124_20220124_Finland\20220124_020_S355909_ZH1656_SB1_8.raw~ ; SpectrumID: ~31804~; scans: ~18599~
51,REV_sp|Q01641|VP4_ROTHJ,Outer capsid protein VP4 OS=Rotavirus A (strain RVA/Human/Japan/K8/1977/G1P3A[9]) OX=39012 PE=1 SV=1,53.37,0.0019,R,LDDGVQLSVR,A,NA,NA,NA,NA,File: ~S:\p24073\Proteomics\EXPLORIS_1\pecnikjaruschka_20220124_20220124_Finland\20220124_020_S355909_ZH1656_SB1_8.raw~ ; SpectrumID: ~33878~; scans: ~19702~
51,REV_sp|Q01641|VP4_ROTHJ,Outer capsid protein VP4 OS=Rotavirus A (strain RVA/Human/Japan/K8/1977/G1P3A[9]) OX=39012 PE=1 SV=1,48.35,0.0033,R,LDDGVQLSVR,A,Deamidated (NQ),0.0000010000.0,NA,NA,File: ~S:\p24073\Proteomics\EXPLORIS_1\pecnikjaruschka_20220124_20220124_Finland\20220124_020_S355909_ZH1656_SB1_8.raw~ ; SpectrumID: ~37302~; scans: ~21163~
54,REV_sp|M2YIY2|AFLR_DOTSN,Dothistromin biosynthesis regulatory protein aflR OS=Dothistroma septosporum (strain NZE10 / CBS 128990) OX=675120 GN=aflR PE=3 SV=1,58.43,0.0014,K,VIQDVIQR,N,Deamidated (NQ),0.00000010.0,NA,NA,File: ~S:\p24073\Proteomics\EXPLORIS_1\pecnikjaruschka_20220124_20220124_Finland\20220124_020_S355909_ZH1656_SB1_8.raw~ ; SpectrumID: ~39537~; scans: ~22430~
54,REV_sp|M2YIY2|AFLR_DOTSN,Dothistromin biosynthesis regulatory protein aflR OS=Dothistroma septosporum (strain NZE10 / CBS 128990) OX=675120 GN=aflR PE=3 SV=1,57.74,0.0022,K,VIQDVIQR,N,2 Deamidated (NQ),0.00100010.0,NA,NA,File: ~S:\p24073\Proteomics\EXPLORIS_1\pecnikjaruschka_20220124_20220124_Finland\20220124_020_S355909_ZH1656_SB1_8.raw~ ; SpectrumID: ~43629~; scans: ~24577~
56,sp|B0TZI5|GLGB_FRAP2,"1,4-alpha-glucan branching enzyme GlgB OS=Francisella philomiragia subsp. philomiragia (strain ATCC 25017 / FSC 153 / O#319-036) OX=484022 GN=glgB PE=3 SV=1",39.8,0.0089,K,ASEDGIDGIR,F,NA,NA,NA,NA,File: ~S:\p24073\Proteomics\EXPLORIS_1\pecnikjaruschka_20220124_20220124_Finland\20220124_020_S355909_ZH1656_SB1_8.raw~ ; SpectrumID: ~31177~; scans: ~17956~
56,sp|B0TZI5|GLGB_FRAP2,"1,4-alpha-glucan branching enzyme GlgB OS=Francisella philomiragia subsp. philomiragia (strain ATCC 25017 / FSC 153 / O#319-036) OX=484022 GN=glgB PE=3 SV=1",46.67,0.0075,K,ASEDGIDGIR,F,NA,NA,NA,NA,File: ~S:\p24073\Proteomics\EXPLORIS_1\pecnikjaruschka_20220124_20220124_Finland\20220124_020_S355909_ZH1656_SB1_8.raw~ ; SpectrumID: ~32000~; scans: ~18801~
58,sp|Q0ACQ9|CH60_ALKEH,60 kDa chaperonin OS=Alkalilimnicola ehrlichii (strain ATCC BAA-1101 / DSM 17681 / MLHE-1) OX=187272 GN=groL PE=3 SV=1,55.93,9.10E-04,K,LAGGVAVIK,V,NA,NA,NA,NA,File: ~S:\p24073\Proteomics\EXPLORIS_1\pecnikjaruschka_20220124_20220124_Finland\20220124_020_S355909_ZH1656_SB1_8.raw~ ; SpectrumID: ~39231~; scans: ~22116~
58,sp|Q0ACQ9|CH60_ALKEH,60 kDa chaperonin OS=Alkalilimnicola ehrlichii (strain ATCC BAA-1101 / DSM 17681 / MLHE-1) OX=187272 GN=groL PE=3 SV=1,52.33,0.0019,K,GVNTLANAVK,A,NA,NA,NA,NA,File: ~S:\p24073\Proteomics\EXPLORIS_1\pecnikjaruschka_20220124_20220124_Finland\20220124_020_S355909_ZH1656_SB1_8.raw~ ; SpectrumID: ~35092~; scans: ~19921~
59,sp|A5A6M6|K2C1_PANTR,"Keratin, type II cytoskeletal 1 OS=Pan troglodytes OX=9598 GN=KRT1 PE=2 SV=1",38.75,0.003,R,SLVNLGGSK,S,NA,NA,NA,NA,File: ~S:\p24073\Proteomics\EXPLORIS_1\pecnikjaruschka_20220124_20220124_Finland\20220124_020_S355909_ZH1656_SB1_8.raw~ ; SpectrumID: ~39036~; scans: ~21916~
59,sp|A5A6M6|K2C1_PANTR,"Keratin, type II cytoskeletal 1 OS=Pan troglodytes OX=9598 GN=KRT1 PE=2 SV=1",62.34,1.40E-04,K,SLNNQFASFIDKVR,F,NA,NA,NA,NA,File: ~S:\p24073\Proteomics\EXPLORIS_1\pecnikjaruschka_20220124_20220124_Finland\20220124_020_S355909_ZH1656_SB1_8.raw~ ; SpectrumID: ~81012~; scans: ~43437~
65,sp|Q1AXG5|RBSA1_RUBXD,Ribose import ATP-binding protein RbsA 1 OS=Rubrobacter xylanophilus (strain DSM 9941 / NBRC 16129 / PRD-1) OX=266117 GN=rbsA1 PE=3 SV=1,49.99,0.0012,R,GRVLVDRGR,L,NA,NA,NA,NA,File: ~S:\p24073\Proteomics\EXPLORIS_1\pecnikjaruschka_20220124_20220124_Finland\20220124_020_S355909_ZH1656_SB1_8.raw~ ; SpectrumID: ~35677~; scans: ~20522~
65,sp|Q1AXG5|RBSA1_RUBXD,Ribose import ATP-binding protein RbsA 1 OS=Rubrobacter xylanophilus (strain DSM 9941 / NBRC 16129 / PRD-1) OX=266117 GN=rbsA1 PE=3 SV=1,42.21,0.0049,R,GRVLVDRGR,L,NA,NA,NA,NA,File: ~S:\p24073\Proteomics\EXPLORIS_1\pecnikjaruschka_20220124_20220124_Finland\20220124_020_S355909_ZH1656_SB1_8.raw~ ; SpectrumID: ~35411~; scans: ~20249~
65,sp|Q1AXG5|RBSA1_RUBXD,Ribose import ATP-binding protein RbsA 1 OS=Rubrobacter xylanophilus (strain DSM 9941 / NBRC 16129 / PRD-1) OX=266117 GN=rbsA1 PE=3 SV=1,40.88,0.0067,R,GRVLVDRGR,L,NA,NA,NA,NA,File: ~S:\p24073\Proteomics\EXPLORIS_1\pecnikjaruschka_20220124_20220124_Finland\20220124_020_S355909_ZH1656_SB1_8.raw~ ; SpectrumID: ~35145~; scans: ~19976~
76,sp|A0A160PAH3|OMP38_ACIS5,Outer membrane protein Omp38 OS=Acinetobacter sp. (strain Tol 5) OX=710648 GN=omp38 PE=1 SV=1,52.15,0.0037,R,LNDALSLR,T,NA,NA,NA,NA,File: ~S:\p24073\Proteomics\EXPLORIS_1\pecnikjaruschka_20220124_20220124_Finland\20220124_020_S355909_ZH1656_SB1_8.raw~ ; SpectrumID: ~41881~; scans: ~23809~
76,sp|A0A160PAH3|OMP38_ACIS5,Outer membrane protein Omp38 OS=Acinetobacter sp. (strain Tol 5) OX=710648 GN=omp38 PE=1 SV=1,57.04,0.0035,R,LNDALSLR,T,Deamidated (NQ),0.01000000.0,NA,NA,File: ~S:\p24073\Proteomics\EXPLORIS_1\pecnikjaruschka_20220124_20220124_Finland\20220124_020_S355909_ZH1656_SB1_8.raw~ ; SpectrumID: ~41846~; scans: ~23773~
79,sp|P01009|A1AT_HUMAN,Alpha-1-antitrypsin OS=Homo sapiens OX=9606 GN=SERPINA1 PE=1 SV=3,39.96,0.0024,K,SVLGQLGITK,V,NA,NA,NA,NA,File: ~S:\p24073\Proteomics\EXPLORIS_1\pecnikjaruschka_20220124_20220124_Finland\20220124_020_S355909_ZH1656_SB1_8.raw~ ; SpectrumID: ~65025~; scans: ~35243~
79,sp|P01009|A1AT_HUMAN,Alpha-1-antitrypsin OS=Homo sapiens OX=9606 GN=SERPINA1 PE=1 SV=3,51.49,6.90E-04,K,LSITGTYDLK,S,NA,NA,NA,NA,File: ~S:\p24073\Proteomics\EXPLORIS_1\pecnikjaruschka_20220124_20220124_Finland\20220124_020_S355909_ZH1656_SB1_8.raw~ ; SpectrumID: ~57056~; scans: ~31171~
80,REV_sp|Q68RU8|TI214_PANGI,Protein TIC 214 OS=Panax ginseng OX=4054 GN=TIC214 PE=3 SV=1,48.96,0.0033,K,KDLIKIK,N,NA,NA,NA,NA,File: ~S:\p24073\Proteomics\EXPLORIS_1\pecnikjaruschka_20220124_20220124_Finland\20220124_020_S355909_ZH1656_SB1_8.raw~ ; SpectrumID: ~33762~; scans: ~19583~
80,REV_sp|Q68RU8|TI214_PANGI,Protein TIC 214 OS=Panax ginseng OX=4054 GN=TIC214 PE=3 SV=1,52.59,0.0014,K,KDLIKIK,N,NA,NA,NA,NA,File: ~S:\p24073\Proteomics\EXPLORIS_1\pecnikjaruschka_20220124_20220124_Finland\20220124_020_S355909_ZH1656_SB1_8.raw~ ; SpectrumID: ~33493~; scans: ~19307~
82,sp|T2KMI3|PLH39_FORAG,TonB-dependent receptor P39 OS=Formosa agariphila (strain DSM 15362 / KCTC 12365 / LMG 23005 / KMM 3901) OX=1347342 GN=BN863_22280 PE=2 SV=1,47.55,4.50E-04,K,SANGVVLITTK,Q,NA,NA,NA,NA,File: ~S:\p24073\Proteomics\EXPLORIS_1\pecnikjaruschka_20220124_20220124_Finland\20220124_020_S355909_ZH1656_SB1_8.raw~ ; SpectrumID: ~43735~; scans: ~24685~
82,sp|T2KMI3|PLH39_FORAG,TonB-dependent receptor P39 OS=Formosa agariphila (strain DSM 15362 / KCTC 12365 / LMG 23005 / KMM 3901) OX=1347342 GN=BN863_22280 PE=2 SV=1,47.71,0.0028,K,SANGVVLITTK,Q,Deamidated (NQ),0.00100000000.0,NA,NA,File: ~S:\p24073\Proteomics\EXPLORIS_1\pecnikjaruschka_20220124_20220124_Finland\20220124_020_S355909_ZH1656_SB1_8.raw~ ; SpectrumID: ~43429~; scans: ~24371~
84,REV_sp|Q5R9B4|FMR1_PONAB,Synaptic functional regulator FMR1 OS=Pongo abelii OX=9601 GN=FMR1 PE=2 SV=1,52.34,1.80E-04,R,VIFQEHFR,S,Deamidated (NQ),0.00010000.0,NA,NA,File: ~S:\p24073\Proteomics\EXPLORIS_1\pecnikjaruschka_20220124_20220124_Finland\20220124_020_S355909_ZH1656_SB1_8.raw~ ; SpectrumID: ~49750~; scans: ~27779~
84,REV_sp|Q5R9B4|FMR1_PONAB,Synaptic functional regulator FMR1 OS=Pongo abelii OX=9601 GN=FMR1 PE=2 SV=1,36.3,0.003,R,VIFQEHFR,S,Deamidated (NQ),0.00010000.0,NA,NA,File: ~S:\p24073\Proteomics\EXPLORIS_1\pecnikjaruschka_20220124_20220124_Finland\20220124_020_S355909_ZH1656_SB1_8.raw~ ; SpectrumID: ~49702~; scans: ~27730~
85,sp|Q6WN28|HBB_CALJA,Hemoglobin subunit beta OS=Callithrix jacchus OX=9483 GN=HBB PE=2 SV=3,37.76,0.0027,K,SAVTALWGK,V,NA,NA,NA,NA,File: ~S:\p24073\Proteomics\EXPLORIS_1\pecnikjaruschka_20220124_20220124_Finland\20220124_020_S355909_ZH1656_SB1_8.raw~ ; SpectrumID: ~59118~; scans: ~32260~
85,sp|Q6WN28|HBB_CALJA,Hemoglobin subunit beta OS=Callithrix jacchus OX=9483 GN=HBB PE=2 SV=3,59.48,0.0015,K,VNVDEVGGEALGR,L,NA,NA,NA,NA,File: ~S:\p24073\Proteomics\EXPLORIS_1\pecnikjaruschka_20220124_20220124_Finland\20220124_020_S355909_ZH1656_SB1_8.raw~ ; SpectrumID: ~45490~; scans: ~25460~
89,sp|P23604|ACH1_LONAC,Achelase-1 OS=Lonomia achelous OX=7125 PE=1 SV=1,39.55,0.0058,R,FPGVNAR,H,NA,NA,NA,NA,File: ~S:\p24073\Proteomics\EXPLORIS_1\pecnikjaruschka_20220124_20220124_Finland\20220124_020_S355909_ZH1656_SB1_8.raw~ ; SpectrumID: ~29629~; scans: ~17394~
89,sp|P23604|ACH1_LONAC,Achelase-1 OS=Lonomia achelous OX=7125 PE=1 SV=1,42.02,0.0046,R,FPGVNAR,H,NA,NA,NA,NA,File: ~S:\p24073\Proteomics\EXPLORIS_1\pecnikjaruschka_20220124_20220124_Finland\20220124_020_S355909_ZH1656_SB1_8.raw~ ; SpectrumID: ~29364~; scans: ~17122~
95,sp|P00687|AMY1_MOUSE,Alpha-amylase 1 OS=Mus musculus OX=10090 GN=Amy1 PE=1 SV=2,35.1,6.20E-04,R,TAIVHLFEWR,W,NA,NA,NA,NA,File: ~S:\p24073\Proteomics\EXPLORIS_1\pecnikjaruschka_20220124_20220124_Finland\20220124_020_S355909_ZH1656_SB1_8.raw~ ; SpectrumID: ~81481~; scans: ~43918~
95,sp|P00687|AMY1_MOUSE,Alpha-amylase 1 OS=Mus musculus OX=10090 GN=Amy1 PE=1 SV=2,28.43,0.0022,R,ALVFVDNHDNQR,G,NA,NA,NA,NA,File: ~S:\p24073\Proteomics\EXPLORIS_1\pecnikjaruschka_20220124_20220124_Finland\20220124_020_S355909_ZH1656_SB1_8.raw~ ; SpectrumID: ~39234~; scans: ~22119~
95,sp|P00687|AMY1_MOUSE,Alpha-amylase 1 OS=Mus musculus OX=10090 GN=Amy1 PE=1 SV=2,27.6,0.0043,K,MAVGFMLAHPYGFTR,V,NA,NA,NA,NA,File: ~S:\p24073\Proteomics\EXPLORIS_1\pecnikjaruschka_20220124_20220124_Finland\20220124_020_S355909_ZH1656_SB1_8.raw~ ; SpectrumID: ~83191~; scans: ~44646~
105,REV_sp|O14423|CBH1_SCHPO,CENP-B homolog protein 1 OS=Schizosaccharomyces pombe (strain 972 / ATCC 24843) OX=284812 GN=cbh1 PE=1 SV=2,31.31,0.0046,R,KMGQIEQYDLNQK,N,NA,NA,NA,NA,File: ~S:\p24073\Proteomics\EXPLORIS_1\pecnikjaruschka_20220124_20220124_Finland\20220124_020_S355909_ZH1656_SB1_8.raw~ ; SpectrumID: ~81616~; scans: ~44056~
105,REV_sp|O14423|CBH1_SCHPO,CENP-B homolog protein 1 OS=Schizosaccharomyces pombe (strain 972 / ATCC 24843) OX=284812 GN=cbh1 PE=1 SV=2,27.83,0.0043,R,KMGQIEQYDLNQK,N,Deamidated (NQ),0.0000000000010.0,NA,NA,File: ~S:\p24073\Proteomics\EXPLORIS_1\pecnikjaruschka_20220124_20220124_Finland\20220124_020_S355909_ZH1656_SB1_8.raw~ ; SpectrumID: ~83835~; scans: ~45307~
128,tr|A0A049E3P1|A0A049E3P1_MYCAV,Uncharacterized protein OS=Mycobacterium avium XTB13-223 OX=1427296 GN=X425_00409 PE=4 SV=1,46.23,0.0043,R,FAALGPR,L,NA,NA,NA,NA,File: ~S:\p24073\Proteomics\EXPLORIS_1\pecnikjaruschka_20220124_20220124_Finland\20220124_020_S355909_ZH1656_SB1_8.raw~ ; SpectrumID: ~35106~; scans: ~19936~
128,tr|A0A049E3P1|A0A049E3P1_MYCAV,Uncharacterized protein OS=Mycobacterium avium XTB13-223 OX=1427296 GN=X425_00409 PE=4 SV=1,41.91,0.0053,R,FAALGPR,L,NA,NA,NA,NA,File: ~S:\p24073\Proteomics\EXPLORIS_1\pecnikjaruschka_20220124_20220124_Finland\20220124_020_S355909_ZH1656_SB1_8.raw~ ; SpectrumID: ~33841~; scans: ~19664~
231,sp|Q8WZ42|TITIN_HUMAN,Titin OS=Homo sapiens OX=9606 GN=TTN PE=1 SV=4,35.06,0.0016,R,VTGIPTPVVK,F,NA,NA,NA,NA,File: ~S:\p24073\Proteomics\EXPLORIS_1\pecnikjaruschka_20220124_20220124_Finland\20220124_020_S355909_ZH1656_SB1_8.raw~ ; SpectrumID: ~49517~; scans: ~27540~
231,sp|Q8WZ42|TITIN_HUMAN,Titin OS=Homo sapiens OX=9606 GN=TTN PE=1 SV=4,24.24,0.0082,R,IGVGKPSAATPFVK,V,NA,NA,NA,NA,File: ~S:\p24073\Proteomics\EXPLORIS_1\pecnikjaruschka_20220124_20220124_Finland\20220124_020_S355909_ZH1656_SB1_8.raw~ ; SpectrumID: ~45204~; scans: ~25167~
263,sp|Q6D0C8|CARA_PECAS,Carbamoyl-phosphate synthase small chain OS=Pectobacterium atrosepticum (strain SCRI 1043 / ATCC BAA-672) OX=218491 GN=carA PE=3 SV=1,34.46,0.0044,K,SLFDHTVQGIHR,T,Deamidated (NQ),0.000000010000.0,NA,NA,File: ~S:\p24073\Proteomics\EXPLORIS_1\pecnikjaruschka_20220124_20220124_Finland\20220124_020_S355909_ZH1656_SB1_8.raw~ ; SpectrumID: ~63326~; scans: ~34525~
263,sp|Q6D0C8|CARA_PECAS,Carbamoyl-phosphate synthase small chain OS=Pectobacterium atrosepticum (strain SCRI 1043 / ATCC BAA-672) OX=218491 GN=carA PE=3 SV=1,35.39,0.0084,K,SLFDHTVQGIHR,T,Deamidated (NQ),0.000000010000.0,NA,NA,File: ~S:\p24073\Proteomics\EXPLORIS_1\pecnikjaruschka_20220124_20220124_Finland\20220124_020_S355909_ZH1656_SB1_8.raw~ ; SpectrumID: ~61985~; scans: ~34176~