"protein_name","sample_ID","psm","study"
"Albumin ","NP6082",2,"Mickleburgh"
"Alpha-2-HS-glycoprotein ","NP6082",40,"Mickleburgh"
"Biglycan ","NP6082",43,"Mickleburgh"
"Chondroadherin ","NP6082",15,"Mickleburgh"
"Chromogranin-A ","NP6082",3,"Mickleburgh"
"Coagulation factor IX ","NP6082",2,"Mickleburgh"
"Coagulation factor X ","NP6082",2,"Mickleburgh"
"Collagen alpha-1(I) chain ","NP6082",344,"Mickleburgh"
"Collagen alpha-2(I) chain ","NP6082",323,"Mickleburgh"
"Collagen alpha-2(V) chain ","NP6082",8,"Mickleburgh"
"Decorin ","NP6082",13,"Mickleburgh"
"Lumican ","NP6082",17,"Mickleburgh"
"Osteomodulin ","NP6082",3,"Mickleburgh"
"Pigment epithelium-derived factor ","NP6082",10,"Mickleburgh"
"Prothrombin ","NP6082",12,"Mickleburgh"
"SPARC ","NP6082",6,"Mickleburgh"
"Thrombospondin-1 ","NP6082",2,"Mickleburgh"
"Transthyretin ","NP6082",2,"Mickleburgh"
"Vitronectin ","NP6082",9,"Mickleburgh"
"Albumin ","NP6083",19,"Mickleburgh"
"Alpha-2-HS-glycoprotein ","NP6083",96,"Mickleburgh"
"Biglycan ","NP6083",92,"Mickleburgh"
"C-type lectin domain family 11 member A ","NP6083",3,"Mickleburgh"
"Chondroadherin ","NP6083",63,"Mickleburgh"
"Coagulation factor IX ","NP6083",3,"Mickleburgh"
"Coagulation factor X ","NP6083",6,"Mickleburgh"
"Collagen alpha-1(I) chain ","NP6083",431,"Mickleburgh"
"Collagen alpha-2(I) chain ","NP6083",351,"Mickleburgh"
"Collagen alpha-2(V) chain ","NP6083",3,"Mickleburgh"
"Decorin ","NP6083",12,"Mickleburgh"
"Dermatopontin ","NP6083",2,"Mickleburgh"
"Extracellular superoxide dismutase [Cu-Zn] ","NP6083",3,"Mickleburgh"
"Insulin-like growth factor-binding protein 5 ","NP6083",3,"Mickleburgh"
"Integrin-binding sialoprotein ","NP6083",2,"Mickleburgh"
"Kininogen-1 ","NP6083",5,"Mickleburgh"
"Lumican ","NP6083",28,"Mickleburgh"
"Osteocalcin ","NP6083",3,"Mickleburgh"
"Osteomodulin ","NP6083",28,"Mickleburgh"
"Pigment epithelium-derived factor ","NP6083",35,"Mickleburgh"
"Procollagen C-endopeptidase enhancer 1 ","NP6083",3,"Mickleburgh"
"Prothrombin ","NP6083",57,"Mickleburgh"
"SPARC ","NP6083",15,"Mickleburgh"
"Tetranectin ","NP6083",3,"Mickleburgh"
"Thrombospondin-1 ","NP6083",7,"Mickleburgh"
"Transthyretin ","NP6083",5,"Mickleburgh"
"Vimentin ","NP6083",3,"Mickleburgh"
"Vitronectin ","NP6083",17,"Mickleburgh"
"Aggrecan core protein ","NP6084",4,"Mickleburgh"
"Albumin ","NP6084",11,"Mickleburgh"
"Alpha-1-antitrypsin ","NP6084",2,"Mickleburgh"
"Alpha-2-HS-glycoprotein ","NP6084",45,"Mickleburgh"
"Azurocidin ","NP6084",3,"Mickleburgh"
"Biglycan ","NP6084",28,"Mickleburgh"
"Chondroadherin ","NP6084",14,"Mickleburgh"
"Coagulation factor IX ","NP6084",2,"Mickleburgh"
"Collagen alpha-1(I) chain ","NP6084",369,"Mickleburgh"
"Collagen alpha-1(II) chain ","NP6084",18,"Mickleburgh"
"Collagen alpha-1(III) chain ","NP6084",5,"Mickleburgh"
"Collagen alpha-1(V) chain ","NP6084",6,"Mickleburgh"
"Collagen alpha-2(I) chain ","NP6084",289,"Mickleburgh"
"Collagen alpha-2(V) chain ","NP6084",21,"Mickleburgh"
"Complement C1q subcomponent subunit A ","NP6084",2,"Mickleburgh"
"Decorin ","NP6084",4,"Mickleburgh"
"Ferritin light chain ","NP6084",5,"Mickleburgh"
"Immunoglobulin gamma-1 heavy chain ","NP6084",3,"Mickleburgh"
"Immunoglobulin kappa light chain ","NP6084",3,"Mickleburgh"
"Kininogen-1 ","NP6084",6,"Mickleburgh"
"Lactotransferrin ","NP6084",14,"Mickleburgh"
"Lumican ","NP6084",28,"Mickleburgh"
"Myeloperoxidase ","NP6084",17,"Mickleburgh"
"Neutrophil defensin 1 ","NP6084",4,"Mickleburgh"
"Neutrophil elastase ","NP6084",2,"Mickleburgh"
"Nucleophosmin ","NP6084",2,"Mickleburgh"
"Osteocalcin ","NP6084",2,"Mickleburgh"
"Osteomodulin ","NP6084",3,"Mickleburgh"
"Osteopontin ","NP6084",3,"Mickleburgh"
"Prolargin ","NP6084",6,"Mickleburgh"
"Protein S100-A8 ","NP6084",9,"Mickleburgh"
"Protein S100-A9 ","NP6084",7,"Mickleburgh"
"Prothrombin ","NP6084",13,"Mickleburgh"
"SPARC ","NP6084",5,"Mickleburgh"
"Secreted phosphoprotein 24 ","NP6084",4,"Mickleburgh"
"Serotransferrin ","NP6084",4,"Mickleburgh"
"Tetranectin ","NP6084",5,"Mickleburgh"
"Transthyretin ","NP6084",3,"Mickleburgh"
"Versican core protein (Fragments) ","NP6084",2,"Mickleburgh"
"Vitronectin ","NP6084",8,"Mickleburgh"
"Albumin ","NP6085",25,"Mickleburgh"
"Alkaline phosphatase, tissue-nonspecific isozyme ","NP6085",2,"Mickleburgh"
"Alpha-2-HS-glycoprotein ","NP6085",92,"Mickleburgh"
"Biglycan ","NP6085",110,"Mickleburgh"
"C-type lectin domain family 11 member A ","NP6085",4,"Mickleburgh"
"Chondroadherin ","NP6085",28,"Mickleburgh"
"Coagulation factor X ","NP6085",4,"Mickleburgh"
"Collagen alpha-1(I) chain ","NP6085",420,"Mickleburgh"
"Collagen alpha-1(V) chain ","NP6085",4,"Mickleburgh"
"Collagen alpha-1(XII) chain ","NP6085",3,"Mickleburgh"
"Collagen alpha-2(I) chain ","NP6085",314,"Mickleburgh"
"Collagen alpha-2(V) chain ","NP6085",9,"Mickleburgh"
"Collagen alpha-2(XI) chain ","NP6085",2,"Mickleburgh"
"Decorin ","NP6085",30,"Mickleburgh"
"Dermatopontin ","NP6085",4,"Mickleburgh"
"Extracellular superoxide dismutase [Cu-Zn] ","NP6085",3,"Mickleburgh"
"Fibromodulin ","NP6085",4,"Mickleburgh"
"Hemoglobin subunit alpha-2 ","NP6085",5,"Mickleburgh"
"Histone H2A type 1 ","NP6085",5,"Mickleburgh"
"Histone H2B type 2-F ","NP6085",7,"Mickleburgh"
"Histone H4 ","NP6085",9,"Mickleburgh"
"Integrin-binding sialoprotein ","NP6085",5,"Mickleburgh"
"Kazal-type serine protease inhibitor domain-containing protein 1 ","NP6085",2,"Mickleburgh"
"Kininogen-1 ","NP6085",9,"Mickleburgh"
"Lumican ","NP6085",42,"Mickleburgh"
"Mimecan ","NP6085",2,"Mickleburgh"
"Nucleobindin-2 ","NP6085",2,"Mickleburgh"
"Osteocalcin ","NP6085",2,"Mickleburgh"
"Osteomodulin ","NP6085",30,"Mickleburgh"
"Osteopontin ","NP6085",2,"Mickleburgh"
"Pigment epithelium-derived factor ","NP6085",19,"Mickleburgh"
"Procollagen C-endopeptidase enhancer 1 ","NP6085",4,"Mickleburgh"
"Prothrombin ","NP6085",54,"Mickleburgh"
"SPARC ","NP6085",21,"Mickleburgh"
"Tetranectin ","NP6085",6,"Mickleburgh"
"Thrombospondin-1 ","NP6085",4,"Mickleburgh"
"Transthyretin ","NP6085",3,"Mickleburgh"
"Vimentin ","NP6085",4,"Mickleburgh"
"Vitronectin ","NP6085",13,"Mickleburgh"
"Albumin ","NP6086",3,"Mickleburgh"
"Alpha-2-HS-glycoprotein ","NP6086",48,"Mickleburgh"
"Azurocidin ","NP6086",2,"Mickleburgh"
"Biglycan ","NP6086",37,"Mickleburgh"
"Chondroadherin ","NP6086",4,"Mickleburgh"
"Coagulation factor X ","NP6086",2,"Mickleburgh"
"Collagen alpha-1(I) chain ","NP6086",446,"Mickleburgh"
"Collagen alpha-2(I) chain ","NP6086",380,"Mickleburgh"
"Collagen alpha-2(V) chain ","NP6086",13,"Mickleburgh"
"Decorin ","NP6086",8,"Mickleburgh"
"Dermatopontin ","NP6086",2,"Mickleburgh"
"Lumican ","NP6086",21,"Mickleburgh"
"Pigment epithelium-derived factor ","NP6086",5,"Mickleburgh"
"Protein S100-A8 ","NP6086",2,"Mickleburgh"
"Protein S100-A9 ","NP6086",5,"Mickleburgh"
"Prothrombin ","NP6086",10,"Mickleburgh"
"SPARC ","NP6086",4,"Mickleburgh"
"Transthyretin ","NP6086",2,"Mickleburgh"
"Vitronectin ","NP6086",5,"Mickleburgh"
"Albumin ","NP6088",23,"Mickleburgh"
"Alpha-2-HS-glycoprotein ","NP6088",102,"Mickleburgh"
"Biglycan ","NP6088",105,"Mickleburgh"
"C-type lectin domain family 11 member A ","NP6088",2,"Mickleburgh"
"Chondroadherin ","NP6088",61,"Mickleburgh"
"Coagulation factor IX ","NP6088",5,"Mickleburgh"
"Coagulation factor X ","NP6088",7,"Mickleburgh"
"Collagen alpha-1(I) chain ","NP6088",423,"Mickleburgh"
"Collagen alpha-1(V) chain ","NP6088",2,"Mickleburgh"
"Collagen alpha-1(XII) chain ","NP6088",2,"Mickleburgh"
"Collagen alpha-2(I) chain ","NP6088",374,"Mickleburgh"
"Collagen alpha-2(V) chain ","NP6088",8,"Mickleburgh"
"Decorin ","NP6088",13,"Mickleburgh"
"Dermatopontin ","NP6088",3,"Mickleburgh"
"Insulin-like growth factor-binding protein 5 ","NP6088",2,"Mickleburgh"
"Integrin-binding sialoprotein ","NP6088",3,"Mickleburgh"
"Kininogen-1 ","NP6088",9,"Mickleburgh"
"Lumican ","NP6088",30,"Mickleburgh"
"Osteocalcin ","NP6088",3,"Mickleburgh"
"Osteomodulin ","NP6088",25,"Mickleburgh"
"Pigment epithelium-derived factor ","NP6088",38,"Mickleburgh"
"Procollagen C-endopeptidase enhancer 1 ","NP6088",4,"Mickleburgh"
"Protein Z-dependent protease inhibitor ","NP6088",3,"Mickleburgh"
"Prothrombin ","NP6088",65,"Mickleburgh"
"SPARC ","NP6088",14,"Mickleburgh"
"Tetranectin ","NP6088",4,"Mickleburgh"
"Thrombospondin-1 ","NP6088",6,"Mickleburgh"
"Transthyretin ","NP6088",3,"Mickleburgh"
"Vitamin K-dependent protein C ","NP6088",4,"Mickleburgh"
"Vitronectin ","NP6088",15,"Mickleburgh"
"Aggrecan core protein ","NP6089",6,"Mickleburgh"
"Albumin ","NP6089",44,"Mickleburgh"
"Alkaline phosphatase, tissue-nonspecific isozyme ","NP6089",2,"Mickleburgh"
"All-trans-retinol dehydrogenase [NAD(+)] ADH1B ","NP6089",2,"Mickleburgh"
"Alpha-1-acid glycoprotein 1 ","NP6089",6,"Mickleburgh"
"Alpha-1-antichymotrypsin ","NP6089",8,"Mickleburgh"
"Alpha-1-antitrypsin ","NP6089",37,"Mickleburgh"
"Alpha-1B-glycoprotein ","NP6089",7,"Mickleburgh"
"Alpha-2-HS-glycoprotein ","NP6089",54,"Mickleburgh"
"Alpha-2-macroglobulin ","NP6089",5,"Mickleburgh"
"Antithrombin-III ","NP6089",3,"Mickleburgh"
"Apolipoprotein A-I ","NP6089",11,"Mickleburgh"
"Asporin ","NP6089",5,"Mickleburgh"
"Beta-2-microglobulin ","NP6089",3,"Mickleburgh"
"Biglycan ","NP6089",69,"Mickleburgh"
"Carbonic anhydrase 1 ","NP6089",2,"Mickleburgh"
"Ceruloplasmin ","NP6089",3,"Mickleburgh"
"Chondroadherin ","NP6089",26,"Mickleburgh"
"Chromogranin-A ","NP6089",40,"Mickleburgh"
"Clusterin ","NP6089",5,"Mickleburgh"
"Coagulation factor IX ","NP6089",6,"Mickleburgh"
"Coagulation factor X ","NP6089",5,"Mickleburgh"
"Collagen alpha-1(I) chain ","NP6089",422,"Mickleburgh"
"Collagen alpha-1(II) chain ","NP6089",5,"Mickleburgh"
"Collagen alpha-1(III) chain ","NP6089",6,"Mickleburgh"
"Collagen alpha-1(V) chain ","NP6089",6,"Mickleburgh"
"Collagen alpha-1(VI) chain ","NP6089",9,"Mickleburgh"
"Collagen alpha-1(XII) chain ","NP6089",4,"Mickleburgh"
"Collagen alpha-2(I) chain ","NP6089",368,"Mickleburgh"
"Collagen alpha-2(V) chain ","NP6089",15,"Mickleburgh"
"Collagen alpha-2(VI) chain ","NP6089",2,"Mickleburgh"
"Collagen alpha-3(VI) chain ","NP6089",23,"Mickleburgh"
"Complement C1q subcomponent subunit A ","NP6089",3,"Mickleburgh"
"Complement C1q subcomponent subunit B ","NP6089",3,"Mickleburgh"
"Complement C1q subcomponent subunit C ","NP6089",2,"Mickleburgh"
"Complement C3 ","NP6089",12,"Mickleburgh"
"Complement C4-A ","NP6089",7,"Mickleburgh"
"Decorin ","NP6089",24,"Mickleburgh"
"Dermatopontin ","NP6089",3,"Mickleburgh"
"Extracellular superoxide dismutase [Cu-Zn] ","NP6089",6,"Mickleburgh"
"Fatty acid-binding protein, adipocyte ","NP6089",4,"Mickleburgh"
"Ferritin heavy chain ","NP6089",4,"Mickleburgh"
"Ferritin light chain ","NP6089",12,"Mickleburgh"
"Fibrinogen beta chain ","NP6089",7,"Mickleburgh"
"Fibromodulin ","NP6089",17,"Mickleburgh"
"Fibronectin ","NP6089",3,"Mickleburgh"
"Gelsolin ","NP6089",2,"Mickleburgh"
"Haptoglobin ","NP6089",24,"Mickleburgh"
"Hemoglobin subunit alpha ","NP6089",10,"Mickleburgh"
"Hemoglobin subunit beta ","NP6089",43,"Mickleburgh"
"Hemoglobin subunit delta ","NP6089",2,"Mickleburgh"
"Hemopexin ","NP6089",14,"Mickleburgh"
"Histone H2A type 1 ","NP6089",8,"Mickleburgh"
"Histone H2B type 2-F ","NP6089",6,"Mickleburgh"
"Histone H4 ","NP6089",12,"Mickleburgh"
"Immunoglobulin heavy constant alpha 1 ","NP6089",15,"Mickleburgh"
"Immunoglobulin heavy constant gamma 1 ","NP6089",11,"Mickleburgh"
"Immunoglobulin heavy constant gamma 2 ","NP6089",4,"Mickleburgh"
"Immunoglobulin heavy constant gamma 3 ","NP6089",16,"Mickleburgh"
"Immunoglobulin kappa constant ","NP6089",16,"Mickleburgh"
"Immunoglobulin kappa variable 3-20 ","NP6089",2,"Mickleburgh"
"Immunoglobulin lambda constant 2 ","NP6089",6,"Mickleburgh"
"Insulin-like growth factor-binding protein 1 ","NP6089",6,"Mickleburgh"
"Integrin-binding sialoprotein ","NP6089",2,"Mickleburgh"
"Inter-alpha-trypsin inhibitor heavy chain H1 ","NP6089",7,"Mickleburgh"
"Inter-alpha-trypsin inhibitor heavy chain H2 ","NP6089",5,"Mickleburgh"
"Inter-alpha-trypsin inhibitor heavy chain H4 ","NP6089",8,"Mickleburgh"
"Keratin, type I cytoskeletal 18 ","NP6089",2,"Mickleburgh"
"Keratin, type II cytoskeletal 1 ","NP6089",6,"Mickleburgh"
"Keratin, type II cytoskeletal 8 ","NP6089",4,"Mickleburgh"
"Kininogen-1 ","NP6089",10,"Mickleburgh"
"Large ribosomal subunit protein P2 ","NP6089",2,"Mickleburgh"
"Leucine-rich alpha-2-glycoprotein ","NP6089",9,"Mickleburgh"
"Lumican ","NP6089",27,"Mickleburgh"
"Mimecan ","NP6089",7,"Mickleburgh"
"Nucleophosmin ","NP6089",4,"Mickleburgh"
"Osteocalcin ","NP6089",2,"Mickleburgh"
"Osteomodulin ","NP6089",16,"Mickleburgh"
"Osteopontin ","NP6089",7,"Mickleburgh"
"Pentraxin-related protein PTX3 ","NP6089",3,"Mickleburgh"
"Peroxiredoxin-2 ","NP6089",10,"Mickleburgh"
"Pigment epithelium-derived factor ","NP6089",9,"Mickleburgh"
"Prelamin-A/C ","NP6089",6,"Mickleburgh"
"Prolargin ","NP6089",28,"Mickleburgh"
"Prothrombin ","NP6089",42,"Mickleburgh"
"SPARC ","NP6089",6,"Mickleburgh"
"Secretogranin-1 ","NP6089",7,"Mickleburgh"
"Serotransferrin ","NP6089",15,"Mickleburgh"
"Serum amyloid P-component ","NP6089",4,"Mickleburgh"
"Tenascin ","NP6089",10,"Mickleburgh"
"Tetranectin ","NP6089",6,"Mickleburgh"
"Thrombospondin-1 ","NP6089",8,"Mickleburgh"
"Transforming growth factor-beta-induced protein ig-h3 ","NP6089",2,"Mickleburgh"
"Transthyretin ","NP6089",10,"Mickleburgh"
"Versican core protein ","NP6089",6,"Mickleburgh"
"Vimentin ","NP6089",50,"Mickleburgh"
"Vitamin D-binding protein ","NP6089",3,"Mickleburgh"
"Vitamin K-dependent protein C ","NP6089",5,"Mickleburgh"
"Vitronectin ","NP6089",14,"Mickleburgh"
"Albumin ","NP6090",25,"Mickleburgh"
"Alpha-1-antitrypsin ","NP6090",2,"Mickleburgh"
"Alpha-2-HS-glycoprotein ","NP6090",87,"Mickleburgh"
"Beta-2-microglobulin ","NP6090",4,"Mickleburgh"
"Biglycan ","NP6090",105,"Mickleburgh"
"C-type lectin domain family 11 member A ","NP6090",3,"Mickleburgh"
"Chondroadherin ","NP6090",39,"Mickleburgh"
"Coagulation factor IX ","NP6090",4,"Mickleburgh"
"Coagulation factor X ","NP6090",4,"Mickleburgh"
"Collagen alpha-1(I) chain ","NP6090",458,"Mickleburgh"
"Collagen alpha-2(I) chain ","NP6090",397,"Mickleburgh"
"Collagen alpha-2(V) chain ","NP6090",8,"Mickleburgh"
"Collagen alpha-2(XI) chain ","NP6090",2,"Mickleburgh"
"Decorin ","NP6090",26,"Mickleburgh"
"Dermatopontin ","NP6090",4,"Mickleburgh"
"Extracellular superoxide dismutase [Cu-Zn] ","NP6090",4,"Mickleburgh"
"Fibromodulin ","NP6090",2,"Mickleburgh"
"Haptoglobin ","NP6090",5,"Mickleburgh"
"Histone H2A type 1 ","NP6090",2,"Mickleburgh"
"Histone H4 ","NP6090",9,"Mickleburgh"
"Immunoglobulin kappa light chain ","NP6090",3,"Mickleburgh"
"Integrin-binding sialoprotein ","NP6090",5,"Mickleburgh"
"Kininogen-1 ","NP6090",5,"Mickleburgh"
"Lumican ","NP6090",35,"Mickleburgh"
"Osteocalcin ","NP6090",3,"Mickleburgh"
"Osteomodulin ","NP6090",24,"Mickleburgh"
"Osteopontin ","NP6090",2,"Mickleburgh"
"Pigment epithelium-derived factor ","NP6090",21,"Mickleburgh"
"Procollagen C-endopeptidase enhancer 1 ","NP6090",5,"Mickleburgh"
"Prothrombin ","NP6090",48,"Mickleburgh"
"SPARC ","NP6090",18,"Mickleburgh"
"Tetranectin ","NP6090",3,"Mickleburgh"
"Thrombospondin-1 ","NP6090",5,"Mickleburgh"
"Transthyretin ","NP6090",4,"Mickleburgh"
"Versican core protein ","NP6090",3,"Mickleburgh"
"Vimentin ","NP6090",3,"Mickleburgh"
"Vitronectin ","NP6090",15,"Mickleburgh"
"Collagen alpha-1(I) chain ","BS5981",222,"Ntasi"
"Collagen alpha-2(I) chain ","BS5981",131,"Ntasi"
"Collagen alpha-2(V) chain ","BS5981",2,"Ntasi"
"Vitronectin ","BS5981",2,"Ntasi"
"Albumin ","BS5982",60,"Ntasi"
"Alpha-2-HS-glycoprotein ","BS5982",48,"Ntasi"
"Antithrombin-III ","BS5982",7,"Ntasi"
"Basement membrane-specific heparan sulfate proteoglycan core protein ","BS5982",4,"Ntasi"
"Biglycan ","BS5982",50,"Ntasi"
"Chondroadherin ","BS5982",80,"Ntasi"
"Collagen alpha-1(I) chain ","BS5982",151,"Ntasi"
"Collagen alpha-1(II) chain ","BS5982",9,"Ntasi"
"Collagen alpha-1(IX) chain ","BS5982",6,"Ntasi"
"Collagen alpha-1(V) chain ","BS5982",5,"Ntasi"
"Collagen alpha-1(X) chain ","BS5982",2,"Ntasi"
"Collagen alpha-1(XI) chain ","BS5982",10,"Ntasi"
"Collagen alpha-1(XII) chain ","BS5982",7,"Ntasi"
"Collagen alpha-2(I) chain ","BS5982",111,"Ntasi"
"Collagen alpha-2(V) chain ","BS5982",3,"Ntasi"
"Collagen alpha-2(XI) chain ","BS5982",26,"Ntasi"
"Collagenase 3 ","BS5982",2,"Ntasi"
"Decorin ","BS5982",2,"Ntasi"
"Endoplasmin ","BS5982",3,"Ntasi"
"Fibronectin ","BS5982",15,"Ntasi"
"Kininogen-1 ","BS5982",3,"Ntasi"
"Lumican ","BS5982",7,"Ntasi"
"Matrilin-3 ","BS5982",3,"Ntasi"
"Osteomodulin ","BS5982",15,"Ntasi"
"Pigment epithelium-derived factor ","BS5982",26,"Ntasi"
"Protein Z-dependent protease inhibitor ","BS5982",21,"Ntasi"
"Prothrombin ","BS5982",13,"Ntasi"
"Tetranectin ","BS5982",3,"Ntasi"
"Thrombospondin-1 ","BS5982",15,"Ntasi"
"Vitronectin ","BS5982",44,"Ntasi"
"Albumin ","EE5973",11,"Sawafuji"
"Alpha-2-HS-glycoprotein ","EE5973",3,"Sawafuji"
"Biglycan ","EE5973",23,"Sawafuji"
"Bone marrow proteoglycan ","EE5973",4,"Sawafuji"
"Cathepsin G ","EE5973",4,"Sawafuji"
"Chondroadherin ","EE5973",39,"Sawafuji"
"Coagulation factor IX ","EE5973",8,"Sawafuji"
"Coagulation factor VII ","EE5973",4,"Sawafuji"
"Coagulation factor X ","EE5973",2,"Sawafuji"
"Collagen alpha-1(I) chain ","EE5973",66,"Sawafuji"
"Collagen alpha-1(XXII) chain ","EE5973",3,"Sawafuji"
"Collagen alpha-2(I) chain ","EE5973",68,"Sawafuji"
"Dermatopontin ","EE5973",3,"Sawafuji"
"Eosinophil peroxidase ","EE5973",13,"Sawafuji"
"Lumican ","EE5973",8,"Sawafuji"
"Myeloblastin ","EE5973",2,"Sawafuji"
"Myeloperoxidase ","EE5973",4,"Sawafuji"
"Neutrophil defensin 1 ","EE5973",3,"Sawafuji"
"Neutrophil elastase ","EE5973",2,"Sawafuji"
"Osteocalcin ","EE5973",4,"Sawafuji"
"Osteomodulin ","EE5973",3,"Sawafuji"
"Pigment epithelium-derived factor ","EE5973",22,"Sawafuji"
"Prothrombin ","EE5973",8,"Sawafuji"
"Vitronectin ","EE5973",14,"Sawafuji"
"Albumin ","EE5974",17,"Sawafuji"
"Alpha-2-HS-glycoprotein ","EE5974",9,"Sawafuji"
"Alpha-enolase ","EE5974",3,"Sawafuji"
"Apolipoprotein E ","EE5974",2,"Sawafuji"
"Basement membrane-specific heparan sulfate proteoglycan core protein ","EE5974",2,"Sawafuji"
"Biglycan ","EE5974",61,"Sawafuji"
"Chondroadherin ","EE5974",87,"Sawafuji"
"Coagulation factor IX ","EE5974",11,"Sawafuji"
"Coagulation factor VII ","EE5974",6,"Sawafuji"
"Coagulation factor X ","EE5974",3,"Sawafuji"
"Collagen alpha-1(I) chain ","EE5974",158,"Sawafuji"
"Collagen alpha-1(XII) chain ","EE5974",10,"Sawafuji"
"Collagen alpha-1(XXII) chain ","EE5974",3,"Sawafuji"
"Collagen alpha-2(I) chain ","EE5974",106,"Sawafuji"
"Decorin ","EE5974",8,"Sawafuji"
"Dermatopontin ","EE5974",8,"Sawafuji"
"Eosinophil peroxidase ","EE5974",3,"Sawafuji"
"Glyceraldehyde-3-phosphate dehydrogenase ","EE5974",2,"Sawafuji"
"Integrin-binding sialoprotein ","EE5974",2,"Sawafuji"
"Keratin, type II cytoskeletal 1 ","EE5974",2,"Sawafuji"
"Lactadherin ","EE5974",3,"Sawafuji"
"Lumican ","EE5974",11,"Sawafuji"
"Matrix Gla protein ","EE5974",3,"Sawafuji"
"Myeloblastin ","EE5974",2,"Sawafuji"
"Olfactomedin-like protein 3 ","EE5974",2,"Sawafuji"
"Osteomodulin ","EE5974",7,"Sawafuji"
"Pigment epithelium-derived factor ","EE5974",48,"Sawafuji"
"Protein Z-dependent protease inhibitor ","EE5974",3,"Sawafuji"
"Prothrombin ","EE5974",25,"Sawafuji"
"Pyruvate kinase PKM ","EE5974",2,"Sawafuji"
"Thrombospondin-1 ","EE5974",2,"Sawafuji"
"Vitronectin ","EE5974",21,"Sawafuji"
"Albumin ","EE5975",30,"Sawafuji"
"Alpha-2-HS-glycoprotein ","EE5975",39,"Sawafuji"
"Apolipoprotein E ","EE5975",3,"Sawafuji"
"Basement membrane-specific heparan sulfate proteoglycan core protein ","EE5975",3,"Sawafuji"
"Biglycan ","EE5975",76,"Sawafuji"
"Bone marrow proteoglycan ","EE5975",4,"Sawafuji"
"C-type lectin domain family 11 member A ","EE5975",3,"Sawafuji"
"Carbohydrate sulfotransferase 13 ","EE5975",2,"Sawafuji"
"Carboxypeptidase Z ","EE5975",3,"Sawafuji"
"Cathepsin G ","EE5975",3,"Sawafuji"
"Cellular retinoic acid-binding protein 2 ","EE5975",4,"Sawafuji"
"Chondroadherin ","EE5975",126,"Sawafuji"
"Coagulation factor IX ","EE5975",21,"Sawafuji"
"Coagulation factor VII ","EE5975",18,"Sawafuji"
"Coagulation factor X ","EE5975",12,"Sawafuji"
"Collagen alpha-1(I) chain ","EE5975",278,"Sawafuji"
"Collagen alpha-1(V) chain ","EE5975",14,"Sawafuji"
"Collagen alpha-1(XII) chain ","EE5975",8,"Sawafuji"
"Collagen alpha-1(XXII) chain ","EE5975",14,"Sawafuji"
"Collagen alpha-2(I) chain ","EE5975",207,"Sawafuji"
"Collagen alpha-2(XI) chain ","EE5975",2,"Sawafuji"
"Collagen alpha-3(VI) chain ","EE5975",2,"Sawafuji"
"Complement C1q subcomponent subunit B ","EE5975",2,"Sawafuji"
"Complement C1q subcomponent subunit C ","EE5975",2,"Sawafuji"
"Complement C4-A ","EE5975",2,"Sawafuji"
"Complement component C8 beta chain ","EE5975",2,"Sawafuji"
"Complement component C9 ","EE5975",2,"Sawafuji"
"Decorin ","EE5975",12,"Sawafuji"
"Dermatopontin ","EE5975",17,"Sawafuji"
"Eosinophil peroxidase ","EE5975",13,"Sawafuji"
"Extracellular superoxide dismutase [Cu-Zn] ","EE5975",2,"Sawafuji"
"Insulin-like growth factor II ","EE5975",6,"Sawafuji"
"Insulin-like growth factor-binding protein complex acid labile subunit ","EE5975",4,"Sawafuji"
"Integrin-binding sialoprotein ","EE5975",4,"Sawafuji"
"Inter-alpha-trypsin inhibitor heavy chain H4 ","EE5975",3,"Sawafuji"
"Kininogen-1 ","EE5975",6,"Sawafuji"
"Lumican ","EE5975",35,"Sawafuji"
"Matrix Gla protein ","EE5975",8,"Sawafuji"
"Myeloblastin ","EE5975",3,"Sawafuji"
"Neutrophil defensin 1 ","EE5975",4,"Sawafuji"
"Olfactomedin-like protein 3 ","EE5975",12,"Sawafuji"
"Osteocalcin ","EE5975",9,"Sawafuji"
"Osteomodulin ","EE5975",19,"Sawafuji"
"Peptidyl-prolyl cis-trans isomerase B ","EE5975",2,"Sawafuji"
"Pigment epithelium-derived factor ","EE5975",68,"Sawafuji"
"Platelet glycoprotein 4 ","EE5975",4,"Sawafuji"
"Procollagen C-endopeptidase enhancer 1 ","EE5975",4,"Sawafuji"
"Protein S100-A8 ","EE5975",2,"Sawafuji"
"Protein Z-dependent protease inhibitor ","EE5975",12,"Sawafuji"
"Prothrombin ","EE5975",106,"Sawafuji"
"Serine protease HTRA1 ","EE5975",4,"Sawafuji"
"Tetranectin ","EE5975",5,"Sawafuji"
"Thrombospondin-1 ","EE5975",4,"Sawafuji"
"Transthyretin ","EE5975",2,"Sawafuji"
"Vitamin K-dependent protein C ","EE5975",3,"Sawafuji"
"Vitamin K-dependent protein S ","EE5975",3,"Sawafuji"
"Vitrin ","EE5975",4,"Sawafuji"
"Vitronectin ","EE5975",49,"Sawafuji"
"Albumin ","EE5977",21,"Sawafuji"
"Alpha-2-HS-glycoprotein ","EE5977",15,"Sawafuji"
"Apolipoprotein E ","EE5977",2,"Sawafuji"
"Basement membrane-specific heparan sulfate proteoglycan core protein ","EE5977",2,"Sawafuji"
"Biglycan ","EE5977",49,"Sawafuji"
"Bone marrow proteoglycan ","EE5977",10,"Sawafuji"
"Cathepsin G ","EE5977",5,"Sawafuji"
"Chondroadherin ","EE5977",82,"Sawafuji"
"Coagulation factor IX ","EE5977",11,"Sawafuji"
"Coagulation factor VII ","EE5977",4,"Sawafuji"
"Coagulation factor X ","EE5977",4,"Sawafuji"
"Collagen alpha-1(I) chain ","EE5977",306,"Sawafuji"
"Collagen alpha-1(V) chain ","EE5977",7,"Sawafuji"
"Collagen alpha-1(XII) chain ","EE5977",2,"Sawafuji"
"Collagen alpha-1(XXII) chain ","EE5977",3,"Sawafuji"
"Collagen alpha-2(I) chain ","EE5977",199,"Sawafuji"
"Collagen alpha-2(V) chain ","EE5977",3,"Sawafuji"
"Collagen alpha-3(VI) chain ","EE5977",2,"Sawafuji"
"Decorin ","EE5977",5,"Sawafuji"
"Dermatopontin ","EE5977",10,"Sawafuji"
"Eosinophil peroxidase ","EE5977",18,"Sawafuji"
"Insulin-like growth factor II ","EE5977",3,"Sawafuji"
"Kininogen-1 ","EE5977",2,"Sawafuji"
"Lumican ","EE5977",13,"Sawafuji"
"Neutrophil defensin 1 ","EE5977",2,"Sawafuji"
"Olfactomedin-like protein 3 ","EE5977",5,"Sawafuji"
"Osteocalcin ","EE5977",6,"Sawafuji"
"Osteomodulin ","EE5977",5,"Sawafuji"
"Pigment epithelium-derived factor ","EE5977",33,"Sawafuji"
"Protein Z-dependent protease inhibitor ","EE5977",7,"Sawafuji"
"Prothrombin ","EE5977",33,"Sawafuji"
"Tetranectin ","EE5977",2,"Sawafuji"
"Thrombospondin-1 ","EE5977",2,"Sawafuji"
"Vitamin K-dependent protein C ","EE5977",2,"Sawafuji"
"Vitronectin ","EE5977",31,"Sawafuji"
"Albumin ","EE5978",8,"Sawafuji"
"Alpha-2-HS-glycoprotein ","EE5978",4,"Sawafuji"
"Asporin ","EE5978",2,"Sawafuji"
"Chondroadherin ","EE5978",29,"Sawafuji"
"Coagulation factor IX ","EE5978",8,"Sawafuji"
"Collagen alpha-1(I) chain ","EE5978",46,"Sawafuji"
"Collagen alpha-1(XII) chain ","EE5978",5,"Sawafuji"
"Collagen alpha-1(XXII) chain ","EE5978",2,"Sawafuji"
"Collagen alpha-2(I) chain ","EE5978",53,"Sawafuji"
"Dermatopontin ","EE5978",4,"Sawafuji"
"Eosinophil peroxidase ","EE5978",2,"Sawafuji"
"Glyceraldehyde-3-phosphate dehydrogenase ","EE5978",2,"Sawafuji"
"Heterogeneous nuclear ribonucleoprotein C ","EE5978",2,"Sawafuji"
"Kininogen-1 ","EE5978",3,"Sawafuji"
"Lumican ","EE5978",7,"Sawafuji"
"Osteocalcin ","EE5978",3,"Sawafuji"
"Pigment epithelium-derived factor ","EE5978",28,"Sawafuji"
"Protein Z-dependent protease inhibitor ","EE5978",6,"Sawafuji"
"Prothrombin ","EE5978",17,"Sawafuji"
"Prothymosin alpha ","EE5978",4,"Sawafuji"
"Secreted phosphoprotein 24 ","EE5978",3,"Sawafuji"
"Vitronectin ","EE5978",9,"Sawafuji"
"Albumin ","EE5979",21,"Sawafuji"
"Alpha-2-HS-glycoprotein ","EE5979",29,"Sawafuji"
"Apolipoprotein E ","EE5979",2,"Sawafuji"
"Basement membrane-specific heparan sulfate proteoglycan core protein ","EE5979",2,"Sawafuji"
"Chondroadherin ","EE5979",75,"Sawafuji"
"Coagulation factor IX ","EE5979",11,"Sawafuji"
"Coagulation factor X ","EE5979",2,"Sawafuji"
"Collagen alpha-1(I) chain ","EE5979",162,"Sawafuji"
"Collagen alpha-1(V) chain ","EE5979",10,"Sawafuji"
"Collagen alpha-1(XII) chain ","EE5979",4,"Sawafuji"
"Collagen alpha-1(XXII) chain ","EE5979",3,"Sawafuji"
"Collagen alpha-2(I) chain ","EE5979",119,"Sawafuji"
"Collagen alpha-3(VI) chain ","EE5979",2,"Sawafuji"
"Decorin ","EE5979",6,"Sawafuji"
"Dermatopontin ","EE5979",10,"Sawafuji"
"Insulin-like growth factor II ","EE5979",5,"Sawafuji"
"Integrin-binding sialoprotein ","EE5979",2,"Sawafuji"
"Kininogen-1 ","EE5979",5,"Sawafuji"
"Lumican ","EE5979",15,"Sawafuji"
"Neutrophil defensin 1 ","EE5979",3,"Sawafuji"
"Neutrophil defensin 2 ","EE5979",2,"Sawafuji"
"Osteocalcin ","EE5979",3,"Sawafuji"
"Osteomodulin ","EE5979",3,"Sawafuji"
"Pigment epithelium-derived factor ","EE5979",47,"Sawafuji"
"Protein Z-dependent protease inhibitor ","EE5979",5,"Sawafuji"
"Prothrombin ","EE5979",35,"Sawafuji"
"Sushi repeat-containing protein SRPX ","EE5979",3,"Sawafuji"
"Vitronectin ","EE5979",24,"Sawafuji"
"Albumin ","EE5980",48,"Sawafuji"
"Alpha-2-HS-glycoprotein ","EE5980",33,"Sawafuji"
"Amyloid-beta precursor protein ","EE5980",3,"Sawafuji"
"Apolipoprotein E ","EE5980",4,"Sawafuji"
"Asporin ","EE5980",7,"Sawafuji"
"Basement membrane-specific heparan sulfate proteoglycan core protein ","EE5980",4,"Sawafuji"
"Biglycan ","EE5980",58,"Sawafuji"
"Bone marrow proteoglycan ","EE5980",5,"Sawafuji"
"C-type lectin domain family 11 member A ","EE5980",4,"Sawafuji"
"Cathepsin G ","EE5980",3,"Sawafuji"
"Chondroadherin ","EE5980",88,"Sawafuji"
"Coagulation factor IX ","EE5980",8,"Sawafuji"
"Coagulation factor VII ","EE5980",6,"Sawafuji"
"Coagulation factor X ","EE5980",10,"Sawafuji"
"Collagen alpha-1(I) chain ","EE5980",358,"Sawafuji"
"Collagen alpha-1(V) chain ","EE5980",13,"Sawafuji"
"Collagen alpha-1(XII) chain ","EE5980",11,"Sawafuji"
"Collagen alpha-1(XXII) chain ","EE5980",6,"Sawafuji"
"Collagen alpha-2(I) chain ","EE5980",233,"Sawafuji"
"Collagen alpha-2(V) chain ","EE5980",5,"Sawafuji"
"Collagen alpha-2(VI) chain ","EE5980",2,"Sawafuji"
"Collagen alpha-2(XI) chain ","EE5980",2,"Sawafuji"
"Collagen alpha-3(VI) chain ","EE5980",7,"Sawafuji"
"Complement C3 ","EE5980",2,"Sawafuji"
"Complement component C8 beta chain ","EE5980",3,"Sawafuji"
"Decorin ","EE5980",11,"Sawafuji"
"Dermatopontin ","EE5980",19,"Sawafuji"
"Endoplasmin ","EE5980",3,"Sawafuji"
"Eosinophil peroxidase ","EE5980",11,"Sawafuji"
"Immunoglobulin superfamily member 8 ","EE5980",2,"Sawafuji"
"Insulin-like growth factor II ","EE5980",4,"Sawafuji"
"Insulin-like growth factor-binding protein 5 ","EE5980",10,"Sawafuji"
"Integrin-binding sialoprotein ","EE5980",4,"Sawafuji"
"Inter-alpha-trypsin inhibitor heavy chain H4 ","EE5980",2,"Sawafuji"
"Kininogen-1 ","EE5980",10,"Sawafuji"
"Lumican ","EE5980",18,"Sawafuji"
"Matrix Gla protein ","EE5980",5,"Sawafuji"
"Mimecan ","EE5980",2,"Sawafuji"
"Myeloblastin ","EE5980",2,"Sawafuji"
"Neutrophil defensin 1 ","EE5980",7,"Sawafuji"
"Olfactomedin-like protein 3 ","EE5980",6,"Sawafuji"
"Osteocalcin ","EE5980",6,"Sawafuji"
"Osteomodulin ","EE5980",7,"Sawafuji"
"Periostin ","EE5980",22,"Sawafuji"
"Phosphoethanolamine/phosphocholine phosphatase ","EE5980",2,"Sawafuji"
"Pigment epithelium-derived factor ","EE5980",49,"Sawafuji"
"Protein Z-dependent protease inhibitor ","EE5980",8,"Sawafuji"
"Proteoglycan 3 ","EE5980",2,"Sawafuji"
"Prothrombin ","EE5980",58,"Sawafuji"
"Secreted phosphoprotein 24 ","EE5980",6,"Sawafuji"
"Tetranectin ","EE5980",2,"Sawafuji"
"Thrombospondin-1 ","EE5980",8,"Sawafuji"
"Vitamin K-dependent protein C ","EE5980",5,"Sawafuji"
"Vitronectin ","EE5980",43,"Sawafuji"
"Alpha-1-antichymotrypsin ","ZH1656",4,"Seili"
"Alpha-1-antitrypsin ","ZH1656",2,"Seili"
"Collagen alpha-2(I) chain ","ZH1656",11,"Seili"
"Ferritin heavy chain ","ZH1656",5,"Seili"
"Ferritin light chain ","ZH1656",6,"Seili"
"Hemoglobin subunit beta ","ZH1656",2,"Seili"
"Keratin, type I cuticular Ha3-I ","ZH1656",3,"Seili"
"Keratin, type II cytoskeletal 1 ","ZH1656",2,"Seili"
"Protein S100-A9 ","ZH1656",6,"Seili"
"Titin ","ZH1656",2,"Seili"
"KRT81_HUMAN","ZH1656",5,"Seili"
"ATP synthase subunit alpha, mitochondrial ","ZH1657",4,"Seili"
"ATP synthase subunit gamma, mitochondrial ","ZH1657",2,"Seili"
"Acid ceramidase ","ZH1657",2,"Seili"
"Aldehyde dehydrogenase family 3 member A2 ","ZH1657",3,"Seili"
"Alpha-1-acid glycoprotein 1 ","ZH1657",16,"Seili"
"Alpha-1-antichymotrypsin ","ZH1657",11,"Seili"
"Alpha-1-antitrypsin ","ZH1657",18,"Seili"
"Alpha-2-macroglobulin ","ZH1657",4,"Seili"
"Amine oxidase [flavin-containing] B ","ZH1657",12,"Seili"
"Antithrombin-III ","ZH1657",3,"Seili"
"Apolipoprotein D ","ZH1657",26,"Seili"
"Aspartate aminotransferase, cytoplasmic ","ZH1657",3,"Seili"
"Aspartate aminotransferase, mitochondrial ","ZH1657",6,"Seili"
"Calcium-binding mitochondrial carrier protein Aralar1 ","ZH1657",2,"Seili"
"Carnitine O-palmitoyltransferase 2, mitochondrial ","ZH1657",4,"Seili"
"Collagen alpha-1(VI) chain ","ZH1657",5,"Seili"
"Collagen alpha-1(XII) chain ","ZH1657",4,"Seili"
"Collagen alpha-1(XV) chain ","ZH1657",4,"Seili"
"Collagen alpha-1(XVIII) chain ","ZH1657",3,"Seili"
"Collagen alpha-2(I) chain ","ZH1657",3,"Seili"
"Collagen alpha-2(IV) chain ","ZH1657",7,"Seili"
"Collagen alpha-2(VI) chain ","ZH1657",19,"Seili"
"Collagen alpha-3(VI) chain ","ZH1657",7,"Seili"
"Eosinophil cationic protein ","ZH1657",2,"Seili"
"Fatty acid-binding protein 5 ","ZH1657",9,"Seili"
"Fatty acid-binding protein, adipocyte ","ZH1657",91,"Seili"
"Ferritin heavy chain ","ZH1657",26,"Seili"
"Ferritin light chain ","ZH1657",14,"Seili"
"Fibronectin ","ZH1657",5,"Seili"
"Filamin-A ","ZH1657",9,"Seili"
"Filamin-C ","ZH1657",38,"Seili"
"Galectin-3 ","ZH1657",3,"Seili"
"Glyceraldehyde-3-phosphate dehydrogenase ","ZH1657",12,"Seili"
"Glycerol-3-phosphate dehydrogenase, mitochondrial ","ZH1657",3,"Seili"
"HLA class II histocompatibility antigen, DR alpha chain ","ZH1657",6,"Seili"
"HLA class II histocompatibility antigen, DRB1 beta chain ","ZH1657",8,"Seili"
"Hemoglobin subunit beta ","ZH1657",4,"Seili"
"Histone H4 ","ZH1657",5,"Seili"
"Immunoglobulin gamma-1 heavy chain ","ZH1657",4,"Seili"
"Immunoglobulin kappa constant ","ZH1657",3,"Seili"
"Immunoglobulin lambda constant 7 ","ZH1657",3,"Seili"
"Keratin, type I cuticular Ha3-I ","ZH1657",4,"Seili"
"L-xylulose reductase ","ZH1657",5,"Seili"
"Mammalian ependymin-related protein 1 ","ZH1657",5,"Seili"
"Mast cell carboxypeptidase A ","ZH1657",4,"Seili"
"Mitochondrial 2-oxoglutarate/malate carrier protein ","ZH1657",5,"Seili"
"Myelin P2 protein ","ZH1657",11,"Seili"
"Myelin protein P0 ","ZH1657",4,"Seili"
"Myeloperoxidase ","ZH1657",3,"Seili"
"Myomesin-1 ","ZH1657",5,"Seili"
"Myomesin-2 ","ZH1657",11,"Seili"
"Myomesin-3 ","ZH1657",16,"Seili"
"Myosin-binding protein C, slow-type ","ZH1657",11,"Seili"
"Peroxiredoxin-6 ","ZH1657",3,"Seili"
"Phosphoglucomutase-1 ","ZH1657",2,"Seili"
"Phospholipid hydroperoxide glutathione peroxidase ","ZH1657",2,"Seili"
"Platelet glycoprotein 4 ","ZH1657",2,"Seili"
"Prenylcysteine oxidase ","ZH1657",10,"Seili"
"Protein NipSnap homolog 3B ","ZH1657",2,"Seili"
"Protein S100-A9 ","ZH1657",5,"Seili"
"Sarcoplasmic/endoplasmic reticulum calcium ATPase 2 ","ZH1657",5,"Seili"
"Serpin B6 ","ZH1657",3,"Seili"
"Serum amyloid P-component ","ZH1657",7,"Seili"
"Sialate O-acetylesterase ","ZH1657",3,"Seili"
"Superoxide dismutase [Mn], mitochondrial ","ZH1657",14,"Seili"
"Telethonin ","ZH1657",2,"Seili"
"Titin ","ZH1657",398,"Seili"
"Toll-interacting protein ","ZH1657",4,"Seili"
"Transmembrane protein 43 ","ZH1657",4,"Seili"
"Triosephosphate isomerase ","ZH1657",23,"Seili"
"Tripeptidyl-peptidase 1 ","ZH1657",3,"Seili"
"Ubiquitin-60S ribosomal protein L40 ","ZH1657",2,"Seili"
"KRT81_HUMAN","ZH1657",6,"Seili"
"Cathepsin G","ZH1657",2,"Seili"
"MYG_HUMAN","ZH1657",2,"Seili"
"FABPH_HUMAN","ZH1657",22,"Seili"
"Alpha-1-antichymotrypsin ","ZH1658",2,"Seili"
"Alpha-1-antitrypsin ","ZH1658",5,"Seili"
"Alpha-2-HS-glycoprotein ","ZH1658",36,"Seili"
"Alpha-2-macroglobulin ","ZH1658",3,"Seili"
"Amyloid-beta A4 protein ","ZH1658",2,"Seili"
"Anoctamin-5 ","ZH1658",11,"Seili"
"Antithrombin-III ","ZH1658",4,"Seili"
"Apolipoprotein A-I ","ZH1658",3,"Seili"
"Asporin ","ZH1658",9,"Seili"
"Basement membrane-specific heparan sulfate proteoglycan core protein ","ZH1658",7,"Seili"
"Biglycan ","ZH1658",67,"Seili"
"Bone sialoprotein 2 ","ZH1658",4,"Seili"
"C-type lectin domain family 11 member A ","ZH1658",7,"Seili"
"CD9 antigen ","ZH1658",9,"Seili"
"Calcium/calmodulin-dependent protein kinase type II subunit alpha ","ZH1658",5,"Seili"
"Carboxypeptidase Z ","ZH1658",5,"Seili"
"Cartilage-associated protein ","ZH1658",4,"Seili"
"Chondroadherin ","ZH1658",78,"Seili"
"Clusterin ","ZH1658",4,"Seili"
"Coagulation factor IX ","ZH1658",11,"Seili"
"Coagulation factor VII ","ZH1658",7,"Seili"
"Coagulation factor X ","ZH1658",16,"Seili"
"Collagen alpha-1(I) chain ","ZH1658",130,"Seili"
"Collagen alpha-1(V) chain ","ZH1658",7,"Seili"
"Collagen alpha-1(VI) chain ","ZH1658",5,"Seili"
"Collagen alpha-1(XII) chain ","ZH1658",25,"Seili"
"Collagen alpha-1(XXII) chain ","ZH1658",4,"Seili"
"Collagen alpha-2(I) chain ","ZH1658",110,"Seili"
"Collagen alpha-2(VI) chain ","ZH1658",5,"Seili"
"Collagen alpha-2(XI) chain ","ZH1658",4,"Seili"
"Collagen alpha-3(VI) chain ","ZH1658",16,"Seili"
"Complement C3 ","ZH1658",5,"Seili"
"Complement component C6 ","ZH1658",2,"Seili"
"Complement component C8 gamma chain ","ZH1658",2,"Seili"
"Complement component C9 ","ZH1658",10,"Seili"
"Decorin ","ZH1658",8,"Seili"
"Dermatopontin ","ZH1658",10,"Seili"
"Ectonucleoside triphosphate diphosphohydrolase 3 ","ZH1658",3,"Seili"
"Extracellular superoxide dismutase [Cu-Zn] ","ZH1658",5,"Seili"
"Fatty acid-binding protein, adipocyte ","ZH1658",7,"Seili"
"Ferritin light chain ","ZH1658",2,"Seili"
"Fibronectin ","ZH1658",2,"Seili"
"Filamin-C ","ZH1658",3,"Seili"
"Growth arrest-specific protein 6 ","ZH1658",3,"Seili"
"Histidine-rich glycoprotein ","ZH1658",2,"Seili"
"Immunoglobulin gamma-1 heavy chain ","ZH1658",6,"Seili"
"Insulin-like growth factor-binding protein complex acid labile subunit ","ZH1658",2,"Seili"
"Interferon-induced transmembrane protein 5 ","ZH1658",2,"Seili"
"Kininogen-1 ","ZH1658",6,"Seili"
"Lumican ","ZH1658",21,"Seili"
"Matrix remodeling-associated protein 8 ","ZH1658",2,"Seili"
"Olfactomedin-like protein 3 ","ZH1658",17,"Seili"
"Osteomodulin ","ZH1658",8,"Seili"
"Osteopontin ","ZH1658",7,"Seili"
"Periostin ","ZH1658",20,"Seili"
"Phosphatidylcholine:ceramide cholinephosphotransferase 2 ","ZH1658",4,"Seili"
"Pigment epithelium-derived factor ","ZH1658",46,"Seili"
"Platelet glycoprotein 4 ","ZH1658",4,"Seili"
"Procollagen C-endopeptidase enhancer 1 ","ZH1658",2,"Seili"
"Protein Z-dependent protease inhibitor ","ZH1658",6,"Seili"
"Protein-lysine 6-oxidase ","ZH1658",2,"Seili"
"Prothrombin ","ZH1658",43,"Seili"
"Retina-specific copper amine oxidase ","ZH1658",10,"Seili"
"SPARC ","ZH1658",4,"Seili"
"Serine protease HTRA1 ","ZH1658",10,"Seili"
"Sodium/calcium exchanger 3 ","ZH1658",6,"Seili"
"Sodium/potassium-transporting ATPase subunit alpha-1 ","ZH1658",3,"Seili"
"Sodium/potassium-transporting ATPase subunit beta-3 ","ZH1658",2,"Seili"
"Sphingomyelin phosphodiesterase 3 ","ZH1658",2,"Seili"
"Superoxide dismutase [Mn], mitochondrial ","ZH1658",14,"Seili"
"Tetranectin ","ZH1658",3,"Seili"
"Titin ","ZH1658",5,"Seili"
"Transmembrane protein 119 ","ZH1658",3,"Seili"
"Ubiquitin-60S ribosomal protein L40 ","ZH1658",4,"Seili"
"Unconventional myosin-Ib ","ZH1658",12,"Seili"
"Unconventional myosin-Id ","ZH1658",8,"Seili"
"Versican core protein ","ZH1658",3,"Seili"
"Vitamin K-dependent protein C ","ZH1658",13,"Seili"
"Vitamin K-dependent protein S ","ZH1658",6,"Seili"
"Vitamin K-dependent protein Z ","ZH1658",9,"Seili"
"Vitrin ","ZH1658",4,"Seili"
"Vitronectin ","ZH1658",37,"Seili"
"Albumin","ZH1658",35,"Seili"
"GELS_HUMAN","ZH1658",3,"Seili"
"C-reactive protein","ZH1658",2,"Seili"
"Albumin ","ZH1659",2,"Seili"
"Aldehyde dehydrogenase family 3 member A2 ","ZH1659",4,"Seili"
"Alpha-1-acid glycoprotein 1 ","ZH1659",9,"Seili"
"Alpha-1-acid glycoprotein 2 ","ZH1659",2,"Seili"
"Alpha-1-antichymotrypsin ","ZH1659",30,"Seili"
"Alpha-1-antitrypsin ","ZH1659",54,"Seili"
"Antithrombin-III ","ZH1659",5,"Seili"
"Apolipoprotein D ","ZH1659",5,"Seili"
"Aspartate aminotransferase, mitochondrial ","ZH1659",2,"Seili"
"Aspartyl aminopeptidase ","ZH1659",5,"Seili"
"Asporin ","ZH1659",30,"Seili"
"Azurocidin ","ZH1659",5,"Seili"
"Beta-glucuronidase ","ZH1659",6,"Seili"
"Biglycan ","ZH1659",39,"Seili"
"Carcinoembryonic antigen-related cell adhesion molecule 6 ","ZH1659",2,"Seili"
"Collagen alpha-1(I) chain ","ZH1659",63,"Seili"
"Collagen alpha-1(III) chain ","ZH1659",7,"Seili"
"Collagen alpha-1(VI) chain ","ZH1659",2,"Seili"
"Collagen alpha-1(XII) chain ","ZH1659",23,"Seili"
"Collagen alpha-1(XIV) chain ","ZH1659",3,"Seili"
"Collagen alpha-2(I) chain ","ZH1659",79,"Seili"
"Collagen alpha-2(IV) chain ","ZH1659",12,"Seili"
"Collagen alpha-2(VI) chain ","ZH1659",3,"Seili"
"Collagen alpha-3(VI) chain ","ZH1659",6,"Seili"
"Decorin ","ZH1659",13,"Seili"
"DnaJ homolog subfamily B member 9 ","ZH1659",2,"Seili"
"Eosinophil cationic protein ","ZH1659",2,"Seili"
"Fatty acid-binding protein, adipocyte ","ZH1659",16,"Seili"
"Ferritin heavy chain ","ZH1659",15,"Seili"
"Ferritin light chain ","ZH1659",24,"Seili"
"Filamin-A ","ZH1659",7,"Seili"
"Filamin-C ","ZH1659",43,"Seili"
"Glutathione peroxidase 3 ","ZH1659",7,"Seili"
"Glyceraldehyde-3-phosphate dehydrogenase ","ZH1659",15,"Seili"
"Hemoglobin subunit beta ","ZH1659",5,"Seili"
"Lumican ","ZH1659",8,"Seili"
"Mast cell carboxypeptidase A ","ZH1659",2,"Seili"
"Microfibril-associated glycoprotein 4 ","ZH1659",5,"Seili"
"Mimecan ","ZH1659",11,"Seili"
"Myeloblastin ","ZH1659",3,"Seili"
"Myeloperoxidase ","ZH1659",28,"Seili"
"Myomesin-2 ","ZH1659",4,"Seili"
"Myomesin-3 ","ZH1659",4,"Seili"
"Myosin-2 ","ZH1659",8,"Seili"
"Myosin-binding protein C, slow-type ","ZH1659",7,"Seili"
"Neutrophil elastase ","ZH1659",3,"Seili"
"Nucleophosmin ","ZH1659",3,"Seili"
"Prolargin ","ZH1659",3,"Seili"
"Protein NipSnap homolog 3B ","ZH1659",2,"Seili"
"Protein S100-A8 ","ZH1659",15,"Seili"
"Protein S100-A9 ","ZH1659",54,"Seili"
"Serpin B6 ","ZH1659",4,"Seili"
"Serum amyloid A-1 protein ","ZH1659",16,"Seili"
"Serum amyloid P-component ","ZH1659",8,"Seili"
"Superoxide dismutase [Mn], mitochondrial ","ZH1659",22,"Seili"
"Sushi repeat-containing protein SRPX2 ","ZH1659",4,"Seili"
"Telethonin ","ZH1659",2,"Seili"
"Titin ","ZH1659",170,"Seili"
"Cathepsin G","ZH1659",2,"Seili"
"ATP synthase subunit gamma, mitochondrial ","ZH1670",4,"Seili"
"ATP-dependent 6-phosphofructokinase, muscle type ","ZH1670",2,"Seili"
"Adenosine deaminase 2 ","ZH1670",2,"Seili"
"Aggrecan core protein ","ZH1670",18,"Seili"
"Albumin ","ZH1670",14,"Seili"
"Aldehyde dehydrogenase family 3 member A2 ","ZH1670",5,"Seili"
"Aldehyde oxidase ","ZH1670",25,"Seili"
"Alpha-1-acid glycoprotein 1 ","ZH1670",18,"Seili"
"Alpha-1-acid glycoprotein 2 ","ZH1670",3,"Seili"
"Alpha-1-antichymotrypsin ","ZH1670",53,"Seili"
"Alpha-1-antitrypsin ","ZH1670",85,"Seili"
"Alpha-2-macroglobulin ","ZH1670",67,"Seili"
"Alpha-N-acetylglucosaminidase ","ZH1670",6,"Seili"
"Alpha-actinin-1 ","ZH1670",15,"Seili"
"Alpha-actinin-2 ","ZH1670",32,"Seili"
"Alpha-actinin-3 ","ZH1670",3,"Seili"
"Amine oxidase [flavin-containing] B ","ZH1670",3,"Seili"
"Aminopeptidase N ","ZH1670",10,"Seili"
"Annexin A6 ","ZH1670",2,"Seili"
"Antithrombin-III ","ZH1670",17,"Seili"
"Apolipoprotein D ","ZH1670",13,"Seili"
"Arylsulfatase B ","ZH1670",2,"Seili"
"Aspartate aminotransferase, cytoplasmic ","ZH1670",5,"Seili"
"Aspartate aminotransferase, mitochondrial ","ZH1670",20,"Seili"
"Aspartyl aminopeptidase ","ZH1670",7,"Seili"
"Asporin ","ZH1670",34,"Seili"
"Basement membrane-specific heparan sulfate proteoglycan core protein ","ZH1670",4,"Seili"
"Beta-glucuronidase ","ZH1670",35,"Seili"
"Betaine--homocysteine S-methyltransferase 1 ","ZH1670",2,"Seili"
"Biglycan ","ZH1670",77,"Seili"
"Carboxypeptidase A1 ","ZH1670",3,"Seili"
"Carboxypeptidase Q ","ZH1670",2,"Seili"
"Carnitine O-palmitoyltransferase 2, mitochondrial ","ZH1670",3,"Seili"
"Cartilage intermediate layer protein 2 ","ZH1670",3,"Seili"
"Cartilage matrix protein ","ZH1670",4,"Seili"
"Choline transporter-like protein 2 ","ZH1670",3,"Seili"
"Chondroadherin ","ZH1670",5,"Seili"
"Collagen alpha-1(I) chain ","ZH1670",3,"Seili"
"Collagen alpha-1(II) chain ","ZH1670",85,"Seili"
"Collagen alpha-1(III) chain ","ZH1670",3,"Seili"
"Collagen alpha-1(IX) chain ","ZH1670",30,"Seili"
"Collagen alpha-1(VI) chain ","ZH1670",8,"Seili"
"Collagen alpha-1(VIII) chain ","ZH1670",3,"Seili"
"Collagen alpha-1(X) chain ","ZH1670",25,"Seili"
"Collagen alpha-1(XII) chain ","ZH1670",24,"Seili"
"Collagen alpha-2(I) chain ","ZH1670",76,"Seili"
"Collagen alpha-2(IV) chain ","ZH1670",19,"Seili"
"Collagen alpha-2(IX) chain ","ZH1670",69,"Seili"
"Collagen alpha-2(VI) chain ","ZH1670",10,"Seili"
"Collagen alpha-3(VI) chain ","ZH1670",17,"Seili"
"Complement C3 ","ZH1670",6,"Seili"
"Creatine kinase S-type, mitochondrial ","ZH1670",4,"Seili"
"Cystatin-B ","ZH1670",4,"Seili"
"Decorin ","ZH1670",15,"Seili"
"Dimethylglycine dehydrogenase, mitochondrial ","ZH1670",13,"Seili"
"Dipeptidyl peptidase 4 ","ZH1670",2,"Seili"
"Eosinophil cationic protein ","ZH1670",3,"Seili"
"Epiphycan ","ZH1670",3,"Seili"
"Epoxide hydrolase 1 ","ZH1670",2,"Seili"
"Fatty acid-binding protein, adipocyte ","ZH1670",52,"Seili"
"Ferritin heavy chain ","ZH1670",25,"Seili"
"Ferritin light chain ","ZH1670",81,"Seili"
"Fibromodulin ","ZH1670",6,"Seili"
"Fibronectin ","ZH1670",139,"Seili"
"Filamin-A ","ZH1670",29,"Seili"
"Filamin-B ","ZH1670",2,"Seili"
"Filamin-C ","ZH1670",51,"Seili"
"Fumarylacetoacetase ","ZH1670",12,"Seili"
"Gamma-glutamyl hydrolase ","ZH1670",10,"Seili"
"Glutathione peroxidase 1 ","ZH1670",3,"Seili"
"Glutathione peroxidase 3 ","ZH1670",18,"Seili"
"Glutathione synthetase ","ZH1670",4,"Seili"
"Glyceraldehyde-3-phosphate dehydrogenase ","ZH1670",14,"Seili"
"HLA class II histocompatibility antigen, DR alpha chain ","ZH1670",2,"Seili"
"Haptoglobin ","ZH1670",5,"Seili"
"Heparin cofactor 2 ","ZH1670",2,"Seili"
"Histone H4 ","ZH1670",3,"Seili"
"Immunoglobulin gamma-1 heavy chain ","ZH1670",17,"Seili"
"Immunoglobulin heavy constant gamma 2 ","ZH1670",3,"Seili"
"Immunoglobulin kappa constant ","ZH1670",8,"Seili"
"Immunoglobulin kappa variable 3-20 ","ZH1670",4,"Seili"
"Immunoglobulin lambda constant 2 ","ZH1670",9,"Seili"
"Inter-alpha-trypsin inhibitor heavy chain H6 ","ZH1670",2,"Seili"
"Kallistatin ","ZH1670",3,"Seili"
"L-xylulose reductase ","ZH1670",2,"Seili"
"Lactadherin ","ZH1670",21,"Seili"
"Laminin subunit gamma-1 ","ZH1670",4,"Seili"
"Leukocyte elastase inhibitor ","ZH1670",11,"Seili"
"Lumican ","ZH1670",9,"Seili"
"Mast cell carboxypeptidase A ","ZH1670",3,"Seili"
"Matrilin-3 ","ZH1670",2,"Seili"
"Membrane primary amine oxidase ","ZH1670",6,"Seili"
"Mimecan ","ZH1670",14,"Seili"
"Mitochondrial 2-oxoglutarate/malate carrier protein ","ZH1670",3,"Seili"
"Myeloblastin ","ZH1670",3,"Seili"
"Myeloperoxidase ","ZH1670",14,"Seili"
"Myomesin-1 ","ZH1670",5,"Seili"
"Myomesin-2 ","ZH1670",10,"Seili"
"Myomesin-3 ","ZH1670",5,"Seili"
"Myosin-2 ","ZH1670",37,"Seili"
"Myosin-binding protein C, slow-type ","ZH1670",18,"Seili"
"N-acetylgalactosamine-6-sulfatase ","ZH1670",4,"Seili"
"N-acyl-aromatic-L-amino acid amidohydrolase (carboxylate-forming) ","ZH1670",4,"Seili"
"Neutrophil elastase ","ZH1670",9,"Seili"
"Neutrophil gelatinase-associated lipocalin ","ZH1670",4,"Seili"
"Obscurin ","ZH1670",2,"Seili"
"Peroxiredoxin-4 ","ZH1670",18,"Seili"
"Peroxiredoxin-6 ","ZH1670",2,"Seili"
"Phospholipase B-like 1 ","ZH1670",2,"Seili"
"Plasma protease C1 inhibitor ","ZH1670",8,"Seili"
"Plasma serine protease inhibitor ","ZH1670",2,"Seili"
"Plectin ","ZH1670",2,"Seili"
"Prenylcysteine oxidase ","ZH1670",14,"Seili"
"Prolargin ","ZH1670",23,"Seili"
"Protein CREG1 ","ZH1670",3,"Seili"
"Protein NipSnap homolog 2 ","ZH1670",4,"Seili"
"Protein NipSnap homolog 3A ","ZH1670",5,"Seili"
"Protein NipSnap homolog 3B ","ZH1670",2,"Seili"
"Protein S100-A8 ","ZH1670",26,"Seili"
"Protein S100-A9 ","ZH1670",95,"Seili"
"Ribonuclease 4 ","ZH1670",3,"Seili"
"Ribose-5-phosphate isomerase ","ZH1670",2,"Seili"
"S-methylmethionine--homocysteine S-methyltransferase BHMT2 ","ZH1670",2,"Seili"
"Serine--pyruvate aminotransferase ","ZH1670",8,"Seili"
"Serpin B6 ","ZH1670",7,"Seili"
"Serum amyloid A-1 protein ","ZH1670",33,"Seili"
"Serum amyloid A-2 protein ","ZH1670",2,"Seili"
"Serum amyloid P-component ","ZH1670",23,"Seili"
"Superoxide dismutase [Mn], mitochondrial ","ZH1670",104,"Seili"
"Sushi repeat-containing protein SRPX2 ","ZH1670",35,"Seili"
"Telethonin ","ZH1670",2,"Seili"
"Thymidine phosphorylase ","ZH1670",12,"Seili"
"Titin ","ZH1670",319,"Seili"
"Transthyretin ","ZH1670",3,"Seili"
"Triosephosphate isomerase ","ZH1670",2,"Seili"
"Tripeptidyl-peptidase 1 ","ZH1670",3,"Seili"
"Ubiquitin-60S ribosomal protein L40 ","ZH1670",3,"Seili"
"Urocanate hydratase ","ZH1670",3,"Seili"
"Xanthine dehydrogenase/oxidase ","ZH1670",3,"Seili"
"lactoferrin ","ZH1670",2,"Seili"
"CAH1_HUMAN","ZH1670",13,"Seili"
"Cathepsin G","ZH1670",2,"Seili"
"MYG_HUMAN","ZH1670",4,"Seili"
"KCRM_HUMAN","ZH1670",2,"Seili"
"FABPH_HUMAN","ZH1670",5,"Seili"
"C-reactive protein","ZH1670",6,"Seili"
"Adipocyte enhancer-binding protein 1 ","ZH1672",2,"Seili"
"Alkaline phosphatase, tissue-nonspecific isozyme ","ZH1672",2,"Seili"
"Alpha-1-antitrypsin ","ZH1672",2,"Seili"
"Alpha-2-HS-glycoprotein ","ZH1672",43,"Seili"
"Anoctamin-5 ","ZH1672",14,"Seili"
"Antithrombin-III ","ZH1672",5,"Seili"
"Apolipoprotein A-I ","ZH1672",2,"Seili"
"Apolipoprotein A-IV ","ZH1672",2,"Seili"
"Asporin ","ZH1672",5,"Seili"
"Basement membrane-specific heparan sulfate proteoglycan core protein ","ZH1672",7,"Seili"
"Biglycan ","ZH1672",84,"Seili"
"Bone sialoprotein 2 ","ZH1672",4,"Seili"
"C-type lectin domain family 11 member A ","ZH1672",10,"Seili"
"CD9 antigen ","ZH1672",6,"Seili"
"Calcium/calmodulin-dependent protein kinase type II subunit alpha ","ZH1672",3,"Seili"
"Carboxypeptidase Z ","ZH1672",3,"Seili"
"Cartilage-associated protein ","ZH1672",3,"Seili"
"Chondroadherin ","ZH1672",99,"Seili"
"Clusterin ","ZH1672",5,"Seili"
"Coagulation factor IX ","ZH1672",12,"Seili"
"Coagulation factor VII ","ZH1672",9,"Seili"
"Coagulation factor X ","ZH1672",13,"Seili"
"Collagen alpha-1(I) chain ","ZH1672",109,"Seili"
"Collagen alpha-1(VI) chain ","ZH1672",7,"Seili"
"Collagen alpha-1(XII) chain ","ZH1672",43,"Seili"
"Collagen alpha-1(XXII) chain ","ZH1672",3,"Seili"
"Collagen alpha-2(I) chain ","ZH1672",110,"Seili"
"Collagen alpha-2(VI) chain ","ZH1672",3,"Seili"
"Collagen alpha-3(VI) chain ","ZH1672",23,"Seili"
"Complement C3 ","ZH1672",5,"Seili"
"Complement component C7 ","ZH1672",3,"Seili"
"Complement component C8 gamma chain ","ZH1672",2,"Seili"
"Complement component C9 ","ZH1672",14,"Seili"
"Decorin ","ZH1672",8,"Seili"
"Dermatopontin ","ZH1672",12,"Seili"
"Ectonucleoside triphosphate diphosphohydrolase 3 ","ZH1672",2,"Seili"
"Endoplasmin ","ZH1672",2,"Seili"
"Extracellular matrix protein 2 ","ZH1672",3,"Seili"
"Extracellular superoxide dismutase [Cu-Zn] ","ZH1672",6,"Seili"
"Ferritin light chain ","ZH1672",2,"Seili"
"Growth arrest-specific protein 6 ","ZH1672",4,"Seili"
"Guanine nucleotide-binding protein G(s) subunit alpha isoforms XLas ","ZH1672",2,"Seili"
"Immunoglobulin gamma-1 heavy chain ","ZH1672",6,"Seili"
"Insulin-like growth factor-binding protein complex acid labile subunit ","ZH1672",2,"Seili"
"Kininogen-1 ","ZH1672",7,"Seili"
"Lactadherin ","ZH1672",4,"Seili"
"Leucine-rich repeat-containing protein 15 ","ZH1672",2,"Seili"
"Lumican ","ZH1672",21,"Seili"
"Matrix remodeling-associated protein 8 ","ZH1672",5,"Seili"
"Olfactomedin-like protein 3 ","ZH1672",12,"Seili"
"Osteomodulin ","ZH1672",11,"Seili"
"Osteopontin ","ZH1672",4,"Seili"
"Pigment epithelium-derived factor ","ZH1672",59,"Seili"
"Platelet glycoprotein 4 ","ZH1672",2,"Seili"
"Procollagen C-endopeptidase enhancer 1 ","ZH1672",2,"Seili"
"Prolargin ","ZH1672",2,"Seili"
"Protein Z-dependent protease inhibitor ","ZH1672",7,"Seili"
"Protein-lysine 6-oxidase ","ZH1672",3,"Seili"
"Prothrombin ","ZH1672",54,"Seili"
"Retina-specific copper amine oxidase ","ZH1672",6,"Seili"
"SPARC ","ZH1672",5,"Seili"
"Secreted phosphoprotein 24 ","ZH1672",2,"Seili"
"Serine protease HTRA1 ","ZH1672",8,"Seili"
"Sodium/calcium exchanger 3 ","ZH1672",5,"Seili"
"Sodium/potassium-transporting ATPase subunit beta-3 ","ZH1672",2,"Seili"
"Tetranectin ","ZH1672",4,"Seili"
"Thrombospondin-1 ","ZH1672",13,"Seili"
"Transthyretin ","ZH1672",3,"Seili"
"Ubiquitin-60S ribosomal protein L40 ","ZH1672",3,"Seili"
"Unconventional myosin-Ib ","ZH1672",10,"Seili"
"Unconventional myosin-Ic ","ZH1672",2,"Seili"
"Unconventional myosin-Id ","ZH1672",11,"Seili"
"Vitamin K-dependent protein C ","ZH1672",13,"Seili"
"Vitamin K-dependent protein S ","ZH1672",7,"Seili"
"Vitamin K-dependent protein Z ","ZH1672",10,"Seili"
"Vitrin ","ZH1672",4,"Seili"
"Vitronectin ","ZH1672",25,"Seili"
"Albumin","ZH1672",47,"Seili"
"ATP synthase subunit alpha, mitochondrial ","ZH1673",2,"Seili"
"Acid ceramidase ","ZH1673",3,"Seili"
"All-trans-retinol dehydrogenase [NAD(+)] ADH1B ","ZH1673",3,"Seili"
"Alpha-1-acid glycoprotein 1 ","ZH1673",19,"Seili"
"Alpha-1-acid glycoprotein 2 ","ZH1673",3,"Seili"
"Alpha-1-antichymotrypsin ","ZH1673",34,"Seili"
"Alpha-1-antitrypsin ","ZH1673",51,"Seili"
"Alpha-2-macroglobulin ","ZH1673",8,"Seili"
"Amine oxidase [flavin-containing] B ","ZH1673",2,"Seili"
"Antithrombin-III ","ZH1673",9,"Seili"
"Apolipoprotein B-100 ","ZH1673",2,"Seili"
"Apolipoprotein D ","ZH1673",13,"Seili"
"Aspartate aminotransferase, mitochondrial ","ZH1673",2,"Seili"
"Aspartyl aminopeptidase ","ZH1673",2,"Seili"
"Asporin ","ZH1673",10,"Seili"
"Beta-glucuronidase ","ZH1673",9,"Seili"
"Beta-hexosaminidase subunit beta ","ZH1673",3,"Seili"
"Cadherin-1 ","ZH1673",2,"Seili"
"Chymase ","ZH1673",4,"Seili"
"Collagen alpha-1(I) chain ","ZH1673",115,"Seili"
"Collagen alpha-1(III) chain ","ZH1673",12,"Seili"
"Collagen alpha-1(VI) chain ","ZH1673",4,"Seili"
"Collagen alpha-1(VIII) chain ","ZH1673",8,"Seili"
"Collagen alpha-1(X) chain ","ZH1673",4,"Seili"
"Collagen alpha-1(XII) chain ","ZH1673",6,"Seili"
"Collagen alpha-1(XV) chain ","ZH1673",3,"Seili"
"Collagen alpha-1(XVIII) chain ","ZH1673",3,"Seili"
"Collagen alpha-2(I) chain ","ZH1673",98,"Seili"
"Collagen alpha-2(IV) chain ","ZH1673",7,"Seili"
"Collagen alpha-2(VI) chain ","ZH1673",5,"Seili"
"Collagen alpha-3(VI) chain ","ZH1673",14,"Seili"
"Complement C3 ","ZH1673",4,"Seili"
"Complement component C8 beta chain ","ZH1673",2,"Seili"
"Complement component C9 ","ZH1673",12,"Seili"
"Decorin ","ZH1673",8,"Seili"
"Dipeptidyl peptidase 1 ","ZH1673",2,"Seili"
"Eosinophil cationic protein ","ZH1673",4,"Seili"
"Eosinophil peroxidase ","ZH1673",4,"Seili"
"Epoxide hydrolase 1 ","ZH1673",10,"Seili"
"Ferritin heavy chain ","ZH1673",13,"Seili"
"Ferritin light chain ","ZH1673",31,"Seili"
"Fibrinogen gamma chain ","ZH1673",2,"Seili"
"Fibulin-2 ","ZH1673",6,"Seili"
"Filamin-A ","ZH1673",14,"Seili"
"Filamin-C ","ZH1673",2,"Seili"
"Galectin-3 ","ZH1673",4,"Seili"
"Gamma-glutamyl hydrolase ","ZH1673",5,"Seili"
"Glutathione peroxidase 3 ","ZH1673",10,"Seili"
"HLA class II histocompatibility antigen, DRB1 beta chain ","ZH1673",3,"Seili"
"Heparin cofactor 2 ","ZH1673",2,"Seili"
"Histone H4 ","ZH1673",3,"Seili"
"Immunoglobulin gamma-1 heavy chain ","ZH1673",12,"Seili"
"Immunoglobulin kappa constant ","ZH1673",3,"Seili"
"Immunoglobulin kappa variable 3-20 ","ZH1673",3,"Seili"
"Keratin, type I cuticular Ha1 ","ZH1673",2,"Seili"
"Keratin, type I cuticular Ha3-I ","ZH1673",24,"Seili"
"Lactadherin ","ZH1673",2,"Seili"
"Laminin subunit alpha-5 ","ZH1673",8,"Seili"
"Leucine-rich repeat-containing protein 15 ","ZH1673",2,"Seili"
"Leukocyte elastase inhibitor ","ZH1673",2,"Seili"
"Lumican ","ZH1673",6,"Seili"
"Mast cell carboxypeptidase A ","ZH1673",11,"Seili"
"Membrane primary amine oxidase ","ZH1673",9,"Seili"
"Mesoderm-specific transcript homolog protein ","ZH1673",2,"Seili"
"Metalloproteinase inhibitor 3 ","ZH1673",14,"Seili"
"Microfibril-associated glycoprotein 4 ","ZH1673",14,"Seili"
"Microsomal glutathione S-transferase 3 ","ZH1673",2,"Seili"
"Mimecan ","ZH1673",5,"Seili"
"Mitochondrial 2-oxoglutarate/malate carrier protein ","ZH1673",3,"Seili"
"Mitochondrial carrier homolog 2 ","ZH1673",3,"Seili"
"Myelin protein P0 ","ZH1673",5,"Seili"
"Myeloblastin ","ZH1673",5,"Seili"
"Myeloperoxidase ","ZH1673",8,"Seili"
"Myosin-11 ","ZH1673",6,"Seili"
"Neutrophil elastase ","ZH1673",5,"Seili"
"Neutrophil gelatinase-associated lipocalin ","ZH1673",5,"Seili"
"Peroxiredoxin-4 ","ZH1673",5,"Seili"
"Peroxiredoxin-6 ","ZH1673",4,"Seili"
"Phospholipase B-like 1 ","ZH1673",2,"Seili"
"Plasma protease C1 inhibitor ","ZH1673",10,"Seili"
"Platelet glycoprotein 4 ","ZH1673",5,"Seili"
"Prenylcysteine oxidase ","ZH1673",7,"Seili"
"Prolargin ","ZH1673",7,"Seili"
"Protein CREG1 ","ZH1673",2,"Seili"
"Protein S100-A7 ","ZH1673",13,"Seili"
"Protein S100-A8 ","ZH1673",16,"Seili"
"Protein S100-A9 ","ZH1673",45,"Seili"
"Q8IUT8 TREMBL:Q8IUT8 Type I hair keratin 4 - Homo sapiens (Human).","ZH1673",2,"Seili"
"Receptor-type tyrosine-protein phosphatase S ","ZH1673",2,"Seili"
"Ribonuclease 4 ","ZH1673",2,"Seili"
"Secreted and transmembrane protein 1 ","ZH1673",4,"Seili"
"Serpin B3 ","ZH1673",2,"Seili"
"Serpin B6 ","ZH1673",2,"Seili"
"Serum amyloid A-1 protein ","ZH1673",8,"Seili"
"Serum amyloid P-component ","ZH1673",20,"Seili"
"Short-chain dehydrogenase/reductase family 9C member 7 ","ZH1673",3,"Seili"
"Sodium/potassium-transporting ATPase subunit beta-3 ","ZH1673",2,"Seili"
"Steryl-sulfatase ","ZH1673",2,"Seili"
"Sulfide:quinone oxidoreductase, mitochondrial ","ZH1673",5,"Seili"
"Superoxide dismutase [Mn], mitochondrial ","ZH1673",18,"Seili"
"Transketolase ","ZH1673",2,"Seili"
"Transmembrane glycoprotein NMB ","ZH1673",2,"Seili"
"Transmembrane protein 43 ","ZH1673",13,"Seili"
"Tripeptidyl-peptidase 1 ","ZH1673",3,"Seili"
"Tryptase alpha/beta-1 ","ZH1673",5,"Seili"
"Versican core protein ","ZH1673",12,"Seili"
"Vitronectin ","ZH1673",15,"Seili"
"Voltage-dependent anion-selective channel protein 3 ","ZH1673",5,"Seili"
"K2C6B_HUMAN","ZH1673",2,"Seili"
"KRT81_HUMAN","ZH1673",4,"Seili"
"Cathepsin G","ZH1673",10,"Seili"
"KRT85_HUMAN","ZH1673",24,"Seili"
"Albumin","ZH1673",16,"Seili"
"K1C14_HUMAN","ZH1673",4,"Seili"
"KT33B_HUMAN","ZH1673",2,"Seili"
"C-reactive protein","ZH1673",3,"Seili"
"Adipocyte enhancer-binding protein 1 ","ZH1676",3,"Seili"
"Alkaline phosphatase, tissue-nonspecific isozyme ","ZH1676",2,"Seili"
"Alpha-1-antitrypsin ","ZH1676",2,"Seili"
"Alpha-2-HS-glycoprotein ","ZH1676",39,"Seili"
"Anoctamin-5 ","ZH1676",18,"Seili"
"Anoctamin-6 ","ZH1676",2,"Seili"
"Antithrombin-III ","ZH1676",3,"Seili"
"Apolipoprotein A-I ","ZH1676",2,"Seili"
"Apolipoprotein A-IV ","ZH1676",2,"Seili"
"Asporin ","ZH1676",6,"Seili"
"Basement membrane-specific heparan sulfate proteoglycan core protein ","ZH1676",8,"Seili"
"Biglycan ","ZH1676",88,"Seili"
"Bone sialoprotein 2 ","ZH1676",6,"Seili"
"C-type lectin domain family 11 member A ","ZH1676",11,"Seili"
"CD9 antigen ","ZH1676",8,"Seili"
"Carboxypeptidase Z ","ZH1676",4,"Seili"
"Cartilage-associated protein ","ZH1676",4,"Seili"
"Chondroadherin ","ZH1676",110,"Seili"
"Clusterin ","ZH1676",7,"Seili"
"Coagulation factor IX ","ZH1676",14,"Seili"
"Coagulation factor VII ","ZH1676",6,"Seili"
"Coagulation factor X ","ZH1676",10,"Seili"
"Collagen alpha-1(I) chain ","ZH1676",88,"Seili"
"Collagen alpha-1(II) chain ","ZH1676",2,"Seili"
"Collagen alpha-1(VI) chain ","ZH1676",3,"Seili"
"Collagen alpha-1(XII) chain ","ZH1676",23,"Seili"
"Collagen alpha-1(XV) chain ","ZH1676",2,"Seili"
"Collagen alpha-1(XXII) chain ","ZH1676",5,"Seili"
"Collagen alpha-2(I) chain ","ZH1676",97,"Seili"
"Collagen alpha-3(VI) chain ","ZH1676",13,"Seili"
"Complement C3 ","ZH1676",5,"Seili"
"Complement component C9 ","ZH1676",10,"Seili"
"Decorin ","ZH1676",11,"Seili"
"Dermatopontin ","ZH1676",6,"Seili"
"EMILIN-1 ","ZH1676",2,"Seili"
"Extracellular matrix protein 2 ","ZH1676",4,"Seili"
"Extracellular superoxide dismutase [Cu-Zn] ","ZH1676",4,"Seili"
"Growth arrest-specific protein 6 ","ZH1676",3,"Seili"
"Histidine-rich glycoprotein ","ZH1676",3,"Seili"
"Immunoglobulin gamma-1 heavy chain ","ZH1676",4,"Seili"
"Insulin-like growth factor-binding protein complex acid labile subunit ","ZH1676",2,"Seili"
"Interferon-induced transmembrane protein 5 ","ZH1676",2,"Seili"
"Kininogen-1 ","ZH1676",8,"Seili"
"Lactadherin ","ZH1676",2,"Seili"
"Lumican ","ZH1676",25,"Seili"
"Matrix remodeling-associated protein 8 ","ZH1676",3,"Seili"
"Olfactomedin-like protein 3 ","ZH1676",15,"Seili"
"Osteomodulin ","ZH1676",16,"Seili"
"Osteopontin ","ZH1676",6,"Seili"
"Periostin ","ZH1676",8,"Seili"
"Pigment epithelium-derived factor ","ZH1676",62,"Seili"
"Platelet glycoprotein 4 ","ZH1676",5,"Seili"
"Procollagen C-endopeptidase enhancer 1 ","ZH1676",3,"Seili"
"Prolargin ","ZH1676",2,"Seili"
"Protein Z-dependent protease inhibitor ","ZH1676",6,"Seili"
"Prothrombin ","ZH1676",40,"Seili"
"Retina-specific copper amine oxidase ","ZH1676",11,"Seili"
"SPARC ","ZH1676",7,"Seili"
"Serine protease HTRA1 ","ZH1676",9,"Seili"
"Sodium/calcium exchanger 3 ","ZH1676",4,"Seili"
"Sodium/potassium-transporting ATPase subunit beta-3 ","ZH1676",2,"Seili"
"Sphingomyelin phosphodiesterase 3 ","ZH1676",3,"Seili"
"Tetranectin ","ZH1676",4,"Seili"
"Transmembrane protein 119 ","ZH1676",3,"Seili"
"Ubiquitin-60S ribosomal protein L40 ","ZH1676",4,"Seili"
"Unconventional myosin-Ib ","ZH1676",9,"Seili"
"Unconventional myosin-Id ","ZH1676",7,"Seili"
"Vitamin K-dependent protein C ","ZH1676",7,"Seili"
"Vitamin K-dependent protein S ","ZH1676",6,"Seili"
"Vitrin ","ZH1676",6,"Seili"
"Vitronectin ","ZH1676",27,"Seili"
"Albumin","ZH1676",44,"Seili"
"GELS_HUMAN","ZH1676",2,"Seili"
"C-reactive protein","ZH1676",4,"Seili"
